sellerRating,OpenDayValue,Duration,EndDayValue, ClosePrice, OpenPrice,Competitive,USDClosePrice,USDOpenPrice,DollarOpen
158,7,5,5,1.23,1.23,0,1.4,1.4,1
1550,5,7,5,1.23,1.23,0,1.4,1.4,1
1550,5,7,5,1.23,1.23,0,1.4,1.4,1
1550,5,7,5,1.23,1.23,0,1.4,1.4,1
1550,5,7,5,1.23,1.23,0,1.4,1.4,1
945,5,7,5,1.49,1.49,0,1.49,1.49,1
1553,2,10,5,2.46,1.83,1,2.8,2.09,1
18,2,10,5,2.45,2.45,0,2.79,2.79,1
18,2,10,5,2.45,2.45,0,2.79,2.79,1
18,2,10,5,2.45,2.45,1,2.79,2.79,1
2507,2,10,5,2.45,2.45,0,2.79,2.79,1
2507,2,10,5,2.45,2.45,0,2.79,2.79,1
52,5,7,5,2,2,0,2,2,1
4390,5,7,5,2,2,0,2,2,1
3613,5,7,5,2.99,2.99,0,2.99,2.99,1
4390,5,7,5,2.99,2.99,1,2.99,2.99,1
618,5,7,5,3.69,3.69,0,4.21,4.21,1
4390,5,7,5,3.27,3.27,0,3.27,3.27,1
945,5,7,5,3.49,3.49,0,3.49,3.49,1
2349,2,10,5,20.5,0.6,1,20.5,0.6,3
2349,5,7,5,3.6,3.6,0,3.6,3.6,1
2349,5,7,5,3.6,3.6,0,3.6,3.6,1
2349,5,7,5,3.6,3.6,0,3.6,3.6,1
2349,5,7,5,3.6,3.6,0,3.6,3.6,1
2349,5,7,5,3.6,3.6,0,3.6,3.6,1
2349,5,7,5,3.6,3.6,0,3.6,3.6,1
2349,5,7,5,3.6,3.6,0,3.6,3.6,1
2349,5,7,5,3.6,3.6,0,3.6,3.6,1
2349,5,7,5,3.6,3.6,0,3.6,3.6,1
2349,5,7,5,3.6,3.6,0,3.6,3.6,1
2349,5,7,5,3.6,3.6,0,3.6,3.6,1
2349,5,7,5,3.6,3.6,0,3.6,3.6,1
2349,5,7,5,3.6,3.6,0,3.6,3.6,1
2349,5,7,5,3.6,3.6,0,3.6,3.6,1
2349,5,7,5,3.6,3.6,0,3.6,3.6,1
2349,5,7,5,3.6,3.6,0,3.6,3.6,1
2349,5,7,5,3.6,3.6,1,3.6,3.6,1
2349,5,7,5,3.6,3.6,1,3.6,3.6,1
2349,5,7,5,3.85,3.6,1,3.85,3.6,1
2349,5,7,5,3.85,3.6,1,3.85,3.6,1
2349,5,7,5,3.85,3.6,1,3.85,3.6,1
2349,5,7,5,3.85,3.6,1,3.85,3.6,1
2349,5,7,5,3.85,3.6,1,3.85,3.6,1
2349,5,7,5,3.85,3.6,1,3.85,3.6,1
2507,5,7,5,8.71,2.45,1,9.93,2.79,1
2349,5,7,5,4.12,3.6,1,4.12,3.6,1
2349,5,7,5,4.24,3.6,1,4.24,3.6,1
2349,5,7,5,4.35,3.6,1,4.35,3.6,1
2349,5,7,5,4.36,3.6,1,4.36,3.6,1
2349,5,7,5,4.36,3.6,1,4.36,3.6,1
2349,5,7,5,4.36,3.6,1,4.36,3.6,1
3613,5,7,5,3.99,3.99,0,3.99,3.99,1
3613,5,7,5,3.99,3.99,0,3.99,3.99,1
4390,5,7,5,3.99,3.99,0,3.99,3.99,1
4390,5,7,5,3.99,3.99,0,3.99,3.99,1
4390,5,7,5,3.99,3.99,0,3.99,3.99,1
4390,5,7,5,3.99,3.99,0,3.99,3.99,1
277,5,7,5,4.92,4.92,0,5.61,5.61,1
2349,5,7,5,4.51,3.6,1,4.51,3.6,1
2349,5,7,5,28.04,0.6,1,28.04,0.6,3
2349,5,7,5,4.7,3.6,1,4.7,3.6,1
3613,5,7,5,4.25,3.99,1,4.25,3.99,1
2349,5,7,5,4.81,3.6,1,4.81,3.6,1
2349,5,7,5,4.94,3.6,1,4.94,3.6,1
2349,5,7,5,5.01,3.6,1,5.01,3.6,1
2349,5,7,5,32.69,0.6,1,32.69,0.6,4
2349,5,7,5,5.5,3.6,1,5.5,3.6,1
2349,5,7,5,5.5,3.6,1,5.5,3.6,1
2349,5,7,5,5.51,3.6,1,5.51,3.6,1
2349,5,7,5,5.61,3.6,1,5.61,3.6,1
2349,5,7,5,5.61,3.6,1,5.61,3.6,1
3277,2,3,5,4.5,4.5,0,4.5,4.5,1
4397,5,7,5,4.5,4.5,0,4.5,4.5,1
4397,5,7,5,4.5,4.5,0,4.5,4.5,1
4390,5,7,5,5.27,3.99,1,5.27,3.99,1
2349,5,7,5,6.01,3.6,1,6.01,3.6,1
2349,5,7,5,6.19,3.6,1,6.19,3.6,1
2349,5,7,5,6.4,3.6,1,6.4,3.6,1
4390,5,7,5,4.95,4.95,0,4.95,4.95,1
2349,5,7,5,6.89,3.6,1,6.89,3.6,1
4398,7,5,5,4.99,4.99,0,4.99,4.99,1
4390,5,7,5,4.99,4.99,0,4.99,4.99,1
4390,5,7,5,4.99,4.99,0,4.99,4.99,1
4397,5,7,5,4.99,4.99,0,4.99,4.99,1
4397,5,7,5,4.99,4.99,0,4.99,4.99,1
4398,5,7,5,4.99,4.99,0,4.99,4.99,1
18,2,10,5,6.15,6.15,1,7.01,7.01,1
2349,5,7,5,7,3.6,1,7,3.6,1
4390,5,7,5,6.5,3.99,1,6.5,3.99,1
2349,5,7,5,7.5,3.6,1,7.5,3.6,1
4398,2,3,5,5.25,5.25,0,5.25,5.25,1
1310,7,5,5,6.85,6.15,1,7.81,7.01,1
2349,5,7,5,8,3.6,1,8,3.6,1
2349,5,7,5,8.26,3.6,1,8.26,3.6,1
4390,5,7,5,5.49,5.49,0,5.49,5.49,1
4390,5,7,5,5.49,5.49,0,5.49,5.49,1
4390,5,7,5,5.52,5.52,0,5.52,5.52,1
2349,5,7,5,8.5,3.6,1,8.5,3.6,1
2349,5,7,5,8.5,3.6,1,8.5,3.6,1
2349,5,7,5,8.5,3.6,1,8.5,3.6,1
2349,5,7,5,8.75,3.6,1,8.75,3.6,1
2349,5,7,5,9,3.6,1,9,3.6,1
2349,5,7,5,9.11,3.6,1,9.11,3.6,1
4398,7,5,5,5.75,5.75,0,5.75,5.75,1
4390,5,7,5,5.75,5.75,0,5.75,5.75,1
2349,5,7,5,9.26,3.6,1,9.26,3.6,1
2349,5,7,5,9.8,3.6,1,9.8,3.6,1
4390,5,7,5,5.99,5.99,0,5.99,5.99,1
2349,5,7,5,10.11,3.6,1,10.11,3.6,2
2349,5,7,5,10.5,3.6,1,10.5,3.6,2
2349,5,7,5,10.5,3.6,1,10.5,3.6,2
4390,5,7,5,6.53,5.99,1,6.53,5.99,1
2349,5,7,5,11.5,3.6,1,11.5,3.6,2
4390,5,7,5,6.49,6.49,0,6.49,6.49,1
2349,5,7,5,11.99,3.6,1,11.99,3.6,2
2349,5,7,5,12.03,3.6,1,12.03,3.6,2
2349,5,7,5,12.5,3.6,1,12.5,3.6,2
2349,5,7,5,13,3.6,1,13,3.6,2
2349,5,7,5,13.01,3.6,1,13.01,3.6,2
2349,5,7,5,13.26,3.6,1,13.26,3.6,2
1840,7,5,5,6.99,6.99,0,6.99,6.99,1
6655,7,5,5,6.99,6.99,0,6.99,6.99,1
3613,5,7,5,6.99,6.99,0,6.99,6.99,1
4390,5,7,5,6.99,6.99,0,6.99,6.99,1
4390,5,7,5,6.99,6.99,0,6.99,6.99,1
4390,5,7,5,6.99,6.99,0,6.99,6.99,1
4390,5,7,5,6.99,6.99,0,6.99,6.99,1
4390,5,7,5,6.99,6.99,0,6.99,6.99,1
4390,5,7,5,8.18,5.99,1,8.18,5.99,1
266,2,3,5,61,1.23,1,69.54,1.4,7
3613,5,7,5,12.55,3.99,1,12.55,3.99,2
266,2,3,5,62.09,1.23,1,70.78,1.4,7
2349,5,7,5,14.5,3.6,1,14.5,3.6,2
2349,5,7,5,15,3.6,1,15,3.6,2
2349,5,7,5,15.5,3.6,1,15.5,3.6,2
2349,5,7,5,17.1,3.6,1,17.1,3.6,2
2349,5,7,5,17.1,3.6,1,17.1,3.6,2
2349,5,7,5,17.26,3.6,1,17.26,3.6,2
2349,5,7,5,17.51,3.6,1,17.51,3.6,2
4390,5,7,5,7.95,7.95,1,7.95,7.95,1
266,2,3,5,78.32,1.23,1,89.28,1.4,8
3613,5,7,5,7.99,7.99,0,7.99,7.99,1
618,5,7,5,9.84,9.84,0,11.22,11.22,1
618,5,7,5,9.84,9.84,0,11.22,11.22,1
2349,5,7,5,18.26,3.6,1,18.26,3.6,2
2349,5,7,5,18.29,3.6,1,18.29,3.6,2
2349,5,7,5,18.61,3.6,1,18.61,3.6,2
4390,5,7,5,8.2,8.2,0,8.2,8.2,1
2349,5,7,5,19.5,3.6,1,19.5,3.6,2
2349,5,7,5,20,3.6,1,20,3.6,2
2349,5,7,5,20.5,3.6,1,20.5,3.6,3
618,5,7,5,18.45,6.15,0,21.03,7.01,2
4390,5,7,5,9.47,7.95,1,9.47,7.95,1
2349,5,7,5,23.09,3.6,1,23.09,3.6,3
2349,5,7,5,23.15,3.6,1,23.15,3.6,3
181,7,5,5,21.08,3.99,1,21.08,3.99,3
524,7,5,5,114.48,1.23,1,130.51,1.4,12
2349,5,7,5,26,3.6,1,26,3.6,3
2349,5,7,5,26.01,3.6,1,26.01,3.6,3
2507,2,10,5,16.6,8.6,1,18.92,9.8,2
4390,5,7,5,9.99,9.99,0,9.99,9.99,1
2349,5,7,5,28.87,3.6,1,28.87,3.6,3
2349,5,7,5,31.76,3.6,1,31.76,3.6,4
4390,5,7,5,11.5,9.99,1,11.5,9.99,2
2349,2,10,5,33.89,3.6,1,33.89,3.6,4
2349,5,7,5,41.51,3.6,1,41.51,3.6,5
131,2,10,5,16.5,9.99,1,16.5,9.99,2
2349,5,7,5,56.03,3.6,1,56.03,3.6,6
2349,5,7,5,66,3.6,1,66,3.6,7
1220,7,5,5,19.99,19.99,0,19.99,19.99,2
4390,5,7,5,19.99,19.99,0,19.99,19.99,2
4397,5,7,5,21.99,21.99,0,21.99,21.99,3
4390,5,7,5,27,27,0,27,27,3
4390,5,7,5,32.95,32.95,0,32.95,32.95,4
4390,5,7,5,41.49,41.49,0,41.49,41.49,5
2944,5,7,5,56.02,49.99,1,56.02,49.99,6
378,5,7,5,237.37,169.55,1,318.08,227.2,24
3115,2,7,2,0.01,0.01,0,0.01,0.01,1
3115,2,7,2,0.01,0.01,0,0.01,0.01,1
3115,2,7,2,0.01,0.01,0,0.01,0.01,1
3115,2,7,2,0.01,0.01,0,0.01,0.01,1
3115,2,7,2,0.01,0.01,1,0.01,0.01,1
3115,2,7,2,0.01,0.01,1,0.01,0.01,1
3115,2,7,2,2.31,0.01,1,2.31,0.01,1
793,2,3,5,0.99,0.99,1,0.99,0.99,1
113,7,5,5,1,1,0,1,1,1
23,2,10,5,1.23,1.23,0,1.4,1.4,1
3114,2,3,5,1.99,1.99,0,1.99,1.99,1
5701,2,10,5,2.45,2.45,0,2.79,2.79,1
2162,7,5,5,2.24,1.99,1,2.24,1.99,1
526,2,10,5,6.89,1.23,1,7.85,1.4,1
526,2,10,5,7.39,1.23,1,8.42,1.4,1
526,2,10,5,7.99,1.23,1,9.11,1.4,1
526,2,10,5,7.99,1.23,1,9.11,1.4,1
526,2,10,5,8.61,1.23,1,9.82,1.4,1
526,2,10,5,9.24,1.23,1,10.53,1.4,1
1390,5,7,5,8.91,8.91,0,11.94,11.94,1
8101,2,3,5,30.99,0.99,1,30.99,0.99,4
10067,2,3,5,6,6,0,6,6,1
106,5,7,5,49.26,1.23,1,56.16,1.4,5
71,5,7,5,55.94,1.23,1,63.77,1.4,6
351,2,3,5,6.95,6.95,0,6.95,6.95,1
351,2,3,5,6.95,6.95,0,6.95,6.95,1
1922,7,5,5,6.99,6.99,0,6.99,6.99,1
351,2,3,5,7.95,7.95,0,7.95,7.95,1
1390,5,7,5,14.26,14.26,0,19.11,19.11,2
1390,5,7,5,14.26,14.26,0,19.11,19.11,2
479,5,7,5,85.92,1.23,1,97.95,1.4,9
10,7,5,5,70,1,1,70,1,7
10067,2,3,5,8.5,8.5,0,8.5,8.5,1
10067,2,3,5,8.5,8.5,0,8.5,8.5,1
88,5,7,5,18.74,12.48,1,25.11,16.72,2
6904,4,1,5,8.87,8.87,0,8.87,8.87,1
351,2,3,5,9.95,9.95,0,9.95,9.95,1
18,2,3,5,9.99,9.99,0,9.99,9.99,1
957,7,5,5,9.99,9.99,0,9.99,9.99,1
688,5,7,5,9.99,9.99,0,9.99,9.99,1
9003,5,7,5,9.99,9.99,0,9.99,9.99,1
163,2,10,5,122.95,1.23,1,140.16,1.4,13
163,5,7,5,124.2,1.23,1,141.59,1.4,13
18,2,3,5,29.5,4,1,29.5,4,3
18,2,3,5,13,9.99,1,13,9.99,2
584,7,5,5,26,5,1,26,5,3
305,2,10,5,161.08,1.23,1,183.63,1.4,17
352,2,3,5,11.95,11.95,0,11.95,11.95,2
10067,2,3,5,12,12,0,12,12,2
10067,2,3,5,12,12,0,12,12,2
523,5,7,5,15.5,9.99,1,15.5,9.99,2
479,5,7,5,191.84,1.23,1,218.7,1.4,20
10067,2,3,5,12.5,12.5,0,12.5,12.5,2
10067,2,3,5,12.99,12.99,0,12.99,12.99,2
206,7,5,5,17.55,9.95,1,17.55,9.95,2
362,7,5,5,199,1,1,199,1,20
4457,2,3,5,15,15,0,15,15,2
10067,2,3,5,15,15,0,15,15,2
957,7,5,5,15.99,15.99,0,15.99,15.99,2
10067,2,3,5,16.5,16.5,0,16.5,16.5,2
2433,2,3,5,18,18,0,18,18,2
10067,2,3,5,18,18,0,18,18,2
10067,2,3,5,18.5,18,1,18.5,18,2
10067,2,3,5,18.99,18.99,0,18.99,18.99,2
1364,5,7,5,18.99,18.99,0,18.99,18.99,2
10067,2,3,5,19.5,19,1,19.5,19,2
10067,2,3,5,19.5,19.5,0,19.5,19.5,2
957,7,5,5,19.99,19.99,0,19.99,19.99,2
10067,2,3,5,21,21,0,21,21,3
10067,2,3,5,21,21,0,21,21,3
10067,2,3,5,21,21,0,21,21,3
10067,2,3,5,21,21,0,21,21,3
10067,2,3,5,21,21,0,21,21,3
10067,2,3,5,21,21,0,21,21,3
501,5,7,5,52,9,1,52,9,6
83,7,5,5,48,9.99,1,48,9.99,5
816,2,3,5,22,22,0,22,22,3
2433,2,3,5,22.5,22,1,22.5,22,3
8101,2,3,5,51,9.99,1,51,9.99,6
10067,2,3,5,23.5,23,1,23.5,23,3
32,5,7,5,730.47,1.23,1,832.74,1.4,74
351,2,3,5,24.95,24.95,0,24.95,24.95,3
10067,2,3,5,24.95,24.95,0,24.95,24.95,3
1163,5,7,5,24.99,24.99,0,24.99,24.99,3
45,7,5,5,863.28,1.23,1,984.14,1.4,87
536,2,10,5,97.15,11.07,0,110.75,12.62,10
112,7,5,5,28.99,28.99,0,28.99,28.99,3
816,7,5,5,29,29,0,29,29,3
33,5,7,5,91,10,1,91,10,10
1364,7,5,5,30.95,30.95,0,30.95,30.95,4
361,4,1,5,31,31,0,31,31,4
4457,5,7,5,32,32,0,32,32,4
29,7,5,5,43,24.99,1,43,24.99,5
352,7,5,5,32.95,32.95,0,32.95,32.95,4
2427,2,3,5,33.95,33.95,0,33.95,33.95,4
2427,2,3,5,33.95,33.95,0,33.95,33.95,4
2427,2,3,5,33.95,33.95,0,33.95,33.95,4
671,7,5,5,34.95,34.95,0,34.95,34.95,4
4457,5,7,5,35,35,0,35,35,4
1364,5,7,5,35.99,35.99,0,35.99,35.99,4
2427,2,3,5,38.95,33.95,1,38.95,33.95,4
10067,2,3,5,37.95,37.95,0,37.95,37.95,4
29,4,1,5,300,5,1,300,5,30
2427,2,3,5,38.99,38.99,0,38.99,38.99,4
2427,2,3,5,38.99,38.99,0,38.99,38.99,4
2427,2,3,5,38.99,38.99,0,38.99,38.99,4
10067,2,3,5,39.5,39.5,0,39.5,39.5,4
715,7,5,5,39.5,39.5,0,39.5,39.5,4
671,7,5,5,39.95,39.95,0,39.95,39.95,4
671,7,5,5,39.95,39.95,0,39.95,39.95,4
1364,5,7,5,42,42,0,42,42,5
10067,2,3,5,43.5,43.5,0,43.5,43.5,5
10067,2,3,5,43.5,43.5,0,43.5,43.5,5
1,7,5,5,197.5,9.99,1,197.5,9.99,20
671,7,5,5,44.95,44.95,0,44.95,44.95,5
671,7,5,5,44.95,44.95,0,44.95,44.95,5
1135,2,3,5,202.5,9.99,1,202.5,9.99,21
671,7,5,5,47.5,47.5,0,47.5,47.5,5
671,7,5,5,47.5,47.5,0,47.5,47.5,5
8,5,7,5,91,25,1,91,25,10
2992,2,3,5,49.95,49.95,0,49.95,49.95,5
352,7,5,5,49.95,49.95,0,49.95,49.95,5
10067,2,3,5,49.99,49.99,0,49.99,49.99,5
671,7,5,5,61,44.95,1,61,44.95,7
671,7,5,5,66.77,44.95,1,66.77,44.95,7
1948,5,7,5,157.54,19.95,1,157.54,19.95,16
10067,2,3,5,57,57,0,57,57,6
2992,2,3,5,59.95,59.95,0,59.95,59.95,6
133,5,7,5,104.49,35,1,104.49,35,11
1364,7,5,5,65.95,65.95,0,65.95,65.95,7
3246,2,3,5,67.95,67.95,0,67.95,67.95,7
2992,7,5,5,74,65,1,74,65,8
1364,5,7,5,76.5,76.5,0,76.5,76.5,8
2992,2,3,5,79,79,1,79,79,8
2992,7,5,5,82.95,82.95,0,82.95,82.95,9
1364,7,5,5,83.95,83.95,0,83.95,83.95,9
2992,7,5,5,86,82.95,1,86,82.95,9
1364,7,5,5,85,85,0,85,85,9
146,5,7,5,85,85,0,85,85,9
2992,7,5,5,93,82.95,1,93,82.95,10
1364,5,7,5,89,89,0,89,89,9
146,2,3,5,89.95,89.95,0,89.95,89.95,9
2992,2,3,5,89.95,89.95,0,89.95,89.95,9
2992,2,3,5,89.95,89.95,0,89.95,89.95,9
2992,2,3,5,89.95,89.95,0,89.95,89.95,9
2992,2,3,5,89.95,89.95,0,89.95,89.95,9
2992,2,3,5,89.95,89.95,0,89.95,89.95,9
146,7,5,5,89.95,89.95,0,89.95,89.95,9
1364,7,5,5,89.95,89.95,0,89.95,89.95,9
1364,5,7,5,90,90,0,90,90,9
10,7,5,5,170.5,50,1,170.5,50,18
2992,2,3,5,99.09,89.95,1,99.09,89.95,10
2992,2,3,5,95,95,0,95,95,10
146,7,5,5,95,95,0,95,95,10
2992,2,3,5,99.95,99.95,0,99.95,99.95,10
2992,2,3,5,99.95,99.95,0,99.95,99.95,10
1131,2,10,5,100,100,0,100,100,10
1364,7,5,5,108,108,0,108,108,11
146,7,5,5,115,115,0,115,115,12
1364,5,7,5,117,117,0,117,117,12
2992,2,3,5,121.5,119,1,121.5,119,13
2992,2,3,5,122.5,119,1,122.5,119,13
1364,5,7,5,128,128,0,128,128,13
1364,5,7,5,128,128,0,128,128,13
1364,5,7,5,135,132,1,135,132,14
1364,5,7,5,134,134,0,134,134,14
2992,2,3,5,169,169,0,169,169,17
2992,7,5,5,229.5,199,1,229.5,199,23
374,5,7,5,545,100,1,545,100,55
0,2,10,5,590,99,1,590,99,59
4,2,10,5,780.89,122.97,1,890.21,140.19,79
97,2,3,5,290,290,0,290,290,29
142,5,7,5,521.55,200,1,521.55,200,53
2992,7,5,5,359.95,359.95,0,359.95,359.95,36
21,7,5,5,610,300,1,610,300,61
1400,7,5,5,549,549,0,549,549,55
57,5,7,5,820,650,1,820,650,82
145,6,7,6,999,999,0,999,999,100
352,6,7,6,11.5,0.01,1,11.5,0.01,2
30,5,7,5,0.7,0.7,0,0.7,0.7,1
149,5,7,5,1.77,1.77,0,2.37,2.37,1
410,7,5,5,1.23,1.23,0,1.4,1.4,1
666,7,5,5,1.23,1.23,0,1.4,1.4,1
865,7,5,5,1.23,1.23,0,1.4,1.4,1
104,5,7,5,1.23,1.23,0,1.4,1.4,1
89,2,10,5,1.23,1.23,0,1.4,1.4,1
865,2,10,5,1.23,1.23,0,1.4,1.4,1
865,2,10,5,1.23,1.23,0,1.4,1.4,1
865,2,10,5,1.23,1.23,0,1.4,1.4,1
1386,2,10,5,1.23,1.23,0,1.4,1.4,1
2163,2,10,5,1.84,1.23,1,2.1,1.4,1
1553,2,10,5,1.71,1.71,0,1.95,1.95,1
201,5,7,5,2.66,2.66,0,3.56,3.56,1
2731,5,7,5,2.66,2.66,0,3.56,3.56,1
1553,2,10,5,1.83,1.83,0,2.09,2.09,1
1386,2,10,5,3.07,1.23,1,3.5,1.4,1
15,2,10,5,3.09,1.23,1,3.52,1.4,1
2731,5,7,5,3.57,2.66,1,4.78,3.56,1
268,2,10,5,2.46,1.85,1,2.8,2.1,1
83,2,10,5,6.47,1.23,1,7.38,1.4,1
638,2,3,5,2.99,2.99,0,2.99,2.99,1
3613,5,7,5,2.99,2.99,1,2.99,2.99,1
638,7,5,5,3.99,3.99,0,3.99,3.99,1
1464,5,7,5,3.99,3.99,0,3.99,3.99,1
1809,5,7,5,3.99,3.99,0,3.99,3.99,1
115,5,7,5,4,4,0,4,4,1
321,2,10,5,4.92,4.92,0,5.61,5.61,1
3864,5,7,5,4.24,3.99,1,4.24,3.99,1
3613,5,7,5,4.25,3.99,1,4.25,3.99,1
415,2,10,5,26.3,1.23,1,29.98,1.4,3
650,5,7,5,4.85,4.5,1,4.85,4.5,1
5,2,10,5,6.15,6.15,0,7.01,7.01,1
294,2,10,5,6.15,6.15,0,7.01,7.01,1
3864,5,7,5,9.59,2.99,1,9.59,2.99,1
3613,5,7,5,7.5,3.99,1,7.5,3.99,1
2191,5,7,5,5.99,5.99,0,5.99,5.99,1
3864,5,7,5,6.49,5.99,1,6.49,5.99,1
3864,5,7,5,10.5,4.99,1,10.5,4.99,2
212,5,7,5,9.01,6.99,1,9.01,6.99,1
88,5,7,5,15.26,13.37,1,20.45,17.91,2
1719,5,7,5,12.32,11.07,1,14.04,12.62,2
1256,5,7,5,9.99,9.99,0,9.99,9.99,1
2191,7,5,5,10.99,10.99,0,10.99,10.99,2
1719,4,1,5,24.23,11.93,0,27.62,13.6,3
1192,5,7,5,203.5,1,1,203.5,1,21
201,5,7,5,49.78,16.05,1,66.71,21.5,5
1029,5,7,5,219.52,8.91,1,294.16,11.93,22
8,7,5,5,47.78,15,1,47.78,15,5
2191,5,7,5,50,50,1,50,50,5
1560,5,7,5,256,9.99,1,256,9.99,26
2191,5,7,5,56,50,1,56,50,6
155,5,7,5,421,99.99,1,421,99.99,43
5450,2,3,5,26,0.01,1,26,0.01,3
27,5,7,5,1.23,1.23,0,1.4,1.4,1
27,5,7,5,1.23,1.23,0,1.4,1.4,1
743,2,10,5,1.84,1.23,1,2.1,1.4,1
1265,5,7,5,3.35,3.35,0,3.35,3.35,1
1266,5,7,5,3.35,3.35,0,3.35,3.35,1
8101,2,3,5,16.5,0.99,1,16.5,0.99,2
124,5,7,5,20.29,1.23,1,23.13,1.4,3
756,2,10,5,6.15,6.15,0,7.01,7.01,1
5701,2,10,5,33.83,1.23,1,38.57,1.4,4
8101,2,3,5,30,0.99,1,30,0.99,3
841,5,7,5,13.25,6.99,1,13.25,6.99,2
8101,2,3,5,10.5,9.99,1,10.5,9.99,2
404,7,5,5,22.49,17.83,1,30.14,23.89,3
2168,2,3,5,15.49,14.99,1,15.49,14.99,2
812,5,7,5,63,49.99,1,63,49.99,7
6,5,7,5,276.69,30.74,0,315.43,35.05,28
48,2,3,5,177.5,100,1,177.5,100,18
2991,5,7,5,1.77,1.77,0,2.37,2.37,1
865,7,5,5,1.23,1.23,0,1.4,1.4,1
41,5,7,5,1.23,1.23,0,1.4,1.4,1
279,2,10,5,1.23,1.23,0,1.4,1.4,1
77,5,7,5,4.82,1.77,1,6.46,2.37,1
41,2,10,5,3.69,1.23,1,4.21,1.4,1
41,2,10,5,3.69,1.23,1,4.21,1.4,1
2991,5,7,5,20.52,0.54,1,27.5,0.72,3
1661,5,7,5,4.33,1.23,1,4.94,1.4,1
24,5,7,5,2.45,2.45,0,2.79,2.79,1
569,2,10,5,3.07,2.44,1,3.5,2.79,1
18,2,10,5,9.22,1.23,1,10.51,1.4,1
315,5,7,5,3.68,3.68,0,4.2,4.2,1
37,2,3,5,17.83,1.23,1,20.33,1.4,2
174,2,10,5,9.22,2.45,1,10.51,2.79,1
299,5,7,5,6.15,3.68,1,7.01,4.19,1
519,7,5,5,19.06,1.23,1,21.73,1.4,2
141,5,7,5,4.91,4.91,0,5.6,5.6,1
3613,5,7,5,3.99,3.99,0,3.99,3.99,1
1179,2,10,5,21.52,1.23,1,24.53,1.4,3
519,5,7,5,22.14,1.23,1,25.24,1.4,3
241,5,7,5,23.97,1.23,1,27.33,1.4,3
3375,2,10,5,14.76,2.46,0,16.83,2.8,2
141,5,7,5,6.14,6.14,0,7,7,1
141,5,7,5,6.14,6.14,0,7,7,1
569,2,10,5,16.59,2.45,1,18.91,2.79,2
595,5,7,5,33.82,1.23,1,38.55,1.4,4
595,5,7,5,36.28,1.23,1,41.36,1.4,4
2016,7,5,5,7.5,6.09,1,8.55,6.94,1
595,5,7,5,37.51,1.23,1,42.76,1.4,4
595,5,7,5,39.97,1.23,1,45.57,1.4,4
595,5,7,5,40.58,1.23,1,46.26,1.4,5
595,2,10,5,41.2,1.23,1,46.97,1.4,5
2038,7,5,5,22.15,2.45,1,25.25,2.79,3
1351,7,5,5,44.28,1.23,1,50.48,1.4,5
421,7,5,5,7.25,4.99,1,7.25,4.99,1
595,5,7,5,46.12,1.23,1,52.58,1.4,5
2016,7,5,5,17.01,3.57,1,19.39,4.07,2
37,7,5,5,49.8,1.23,1,56.77,1.4,5
41,5,7,5,51.03,1.23,1,58.17,1.4,6
121,5,7,5,74.96,1.77,1,100.45,2.37,8
966,5,7,5,15.5,2.99,1,15.5,2.99,2
158,2,3,5,8.49,8.49,0,9.68,9.68,1
3613,5,7,5,6.99,6.99,0,6.99,6.99,1
393,2,10,5,31.11,2.45,1,35.47,2.79,4
2016,5,7,5,9.16,9.16,0,10.44,10.44,1
1130,2,10,5,17.22,4.92,0,19.63,5.61,2
393,2,10,5,35.02,2.45,1,39.92,2.79,4
4153,2,10,5,35.52,2.46,1,40.49,2.8,4
1365,2,10,5,9.78,9.78,0,11.15,11.15,1
1581,5,7,5,87.31,1.23,1,99.53,1.4,9
2016,7,5,5,18.32,6.02,0,20.88,6.87,2
279,2,10,5,18.32,6.02,0,20.88,6.87,2
393,2,10,5,45.5,2.45,1,51.87,2.79,5
1365,2,10,5,18.38,6.09,0,20.95,6.94,2
1365,2,10,5,18.38,6.09,0,20.95,6.94,2
1365,2,10,5,18.38,6.09,0,20.95,6.94,2
1166,5,7,5,18.43,6.14,0,21.01,6.99,2
1166,5,7,5,18.43,6.14,0,21.01,6.99,2
1166,5,7,5,18.43,6.14,0,21.01,6.99,2
1365,2,10,5,11.01,11.01,0,12.55,12.55,2
3613,5,7,5,8.99,8.99,0,8.99,8.99,1
1349,5,7,5,11.07,11.07,0,12.62,12.62,2
595,7,5,5,110.53,1.23,1,126,1.4,12
1130,5,7,5,19.68,7.38,0,22.44,8.41,2
4153,2,10,5,40.58,3.69,0,46.26,4.21,5
1365,2,10,5,12.24,12.24,0,13.95,13.95,2
1365,2,10,5,12.24,12.24,0,13.95,13.95,2
1365,2,10,5,12.24,12.24,0,13.95,13.95,2
1365,2,10,5,12.24,12.24,0,13.95,13.95,2
1365,2,10,5,12.24,12.24,0,13.95,13.95,2
1365,2,10,5,12.24,12.24,0,13.95,13.95,2
1365,2,10,5,12.24,12.24,0,13.95,13.95,2
1365,2,10,5,12.24,12.24,0,13.95,13.95,2
1365,2,10,5,12.24,12.24,0,13.95,13.95,2
1365,2,10,5,12.24,12.24,0,13.95,13.95,2
5450,5,7,5,9.99,9.99,0,9.99,9.99,1
5450,5,7,5,9.99,9.99,0,9.99,9.99,1
5450,5,7,5,9.99,9.99,0,9.99,9.99,1
3375,2,10,5,12.3,12.3,0,14.02,14.02,2
1365,2,10,5,27.48,6.09,1,31.33,6.94,3
595,7,5,5,141.54,1.23,1,161.36,1.4,15
595,7,5,5,142.65,1.23,1,162.62,1.4,15
164,5,7,5,30.62,6.03,0,34.91,6.87,4
846,2,10,5,22.14,9.84,0,25.24,11.22,3
846,2,10,5,23.44,9.84,1,26.72,11.22,3
370,5,7,5,41.21,6.14,1,46.98,7,5
1166,5,7,5,23.37,11.07,0,26.64,12.62,3
1122,2,10,5,24.53,12.23,0,27.96,13.95,3
1661,5,7,5,24.58,12.28,0,28.02,14,3
2016,7,5,5,49.8,6.15,1,56.77,7.01,5
278,5,7,5,31.36,12.29,1,35.75,14.01,4
4641,2,10,5,67.62,6.14,0,77.09,7,7
164,5,7,5,36.77,12.17,0,41.92,13.88,4
164,5,7,5,36.77,12.17,0,41.92,13.88,4
164,5,7,5,36.77,12.17,0,41.92,13.88,4
164,5,7,5,36.77,12.17,0,41.92,13.88,4
164,7,5,5,43.66,12.18,1,49.77,13.88,5
164,5,7,5,43.77,12.18,1,49.9,13.88,5
164,5,7,5,44.15,12.18,1,50.33,13.88,5
837,2,3,5,18.99,18.99,0,18.99,18.99,2
37,2,3,5,49.8,11.07,1,56.77,12.62,5
164,7,5,5,49.07,12.18,0,55.94,13.88,5
164,5,7,5,49.07,12.18,0,55.94,13.88,5
164,5,7,5,49.07,12.18,1,55.94,13.88,5
164,7,5,5,55.95,12.17,1,63.78,13.88,6
164,5,7,5,55.95,12.17,1,63.78,13.88,6
164,7,5,5,60.63,12.18,1,69.12,13.88,7
164,5,7,5,62.72,12.18,1,71.5,13.88,7
164,5,7,5,73.35,12.17,1,83.62,13.88,8
164,7,5,5,73.66,12.17,0,83.97,13.88,8
164,7,5,5,75.01,12.17,1,85.51,13.88,8
164,7,5,5,81.16,12.17,1,92.52,13.88,9
164,5,7,5,98.26,12.17,0,112.02,13.88,10
1100,2,3,5,86,9.99,1,86,9.99,9
164,5,7,5,118.06,12.17,1,134.59,13.88,12
2944,5,7,5,60,24.99,1,60,24.99,6
668,2,10,5,166.02,43.04,1,189.26,49.07,17
668,5,7,5,313.59,67.64,0,357.49,77.11,32
3380,5,7,5,1.77,1.77,0,2.37,2.37,1
3380,5,7,5,1.77,1.77,1,2.37,2.37,1
684,2,10,5,1.23,1.23,0,1.4,1.4,1
3380,5,7,5,2.23,2.23,0,2.99,2.99,1
1033,2,10,5,2.08,1.23,1,2.37,1.4,1
3380,5,7,5,2.68,2.68,0,3.59,3.59,1
5564,5,7,5,4,0.99,1,4,0.99,1
3380,5,7,5,3.55,3.55,0,4.76,4.76,1
3380,5,7,5,3.55,3.55,0,4.76,4.76,1
3380,5,7,5,4.82,3.55,1,6.46,4.76,1
300,2,10,5,3.87,2.44,1,4.41,2.79,1
1054,7,5,5,9.38,0.77,1,9.38,0.77,1
5564,5,7,5,2.79,2.79,0,2.79,2.79,1
3380,5,7,5,5.34,5.34,0,7.16,7.16,1
3380,5,7,5,5.34,5.34,0,7.16,7.16,1
3380,5,7,5,5.34,5.34,0,7.16,7.16,1
5564,5,7,5,2.99,2.99,0,2.99,2.99,1
5564,5,7,5,2.99,2.99,0,2.99,2.99,1
1054,7,5,5,13.51,0.77,1,13.51,0.77,2
1017,2,10,5,6.14,6.14,0,7,7,1
1054,7,5,5,34.19,0.77,1,34.19,0.77,4
507,5,7,5,57.11,1.77,1,76.53,2.37,6
1054,7,5,5,61,0.77,1,61,0.77,7
5564,5,7,5,9.95,9.95,0,9.95,9.95,1
3380,5,7,5,17.83,17.83,0,23.89,23.89,2
5564,5,7,5,12.25,12.25,0,12.25,12.25,2
627,2,10,5,56.57,11.07,1,64.49,12.62,6
5564,5,7,5,27,27,0,27,27,3
5564,5,7,5,29.99,29.99,0,29.99,29.99,3
5564,7,5,5,36,36,0,36,36,4
5564,7,5,5,37,37,0,37,37,4
5564,7,5,5,52,52,0,52,52,6
5564,5,7,5,59,59,0,59,59,6
5564,7,5,5,73,73,0,73,73,8
5564,7,5,5,135,135,0,135,135,14
5564,2,3,5,175,175,0,175,175,18
5564,7,5,5,192,192,0,192,192,20
1,4,5,2,20.7,0.01,1,20.7,0.01,3
1,7,5,5,22,0.01,1,22,0.01,3
1,7,5,5,23.65,0.01,1,23.65,0.01,3
1,7,5,5,26,0.01,1,26,0.01,3
1,7,5,5,43,0.01,1,43,0.01,5
1,7,5,5,46.02,0.01,1,46.02,0.01,5
1,7,5,5,52.02,0.01,1,52.02,0.01,6
1,7,5,5,61.05,0.01,1,61.05,0.01,7
2220,7,5,5,0.99,0.99,0,0.99,0.99,1
2695,5,7,5,0.99,0.99,0,0.99,0.99,1
2695,5,7,5,0.99,0.99,0,0.99,0.99,1
2695,5,7,5,0.99,0.99,0,0.99,0.99,1
2695,5,7,5,0.99,0.99,0,0.99,0.99,1
2695,5,7,5,0.99,0.99,0,0.99,0.99,1
743,2,3,5,1,1,1,1,1,1
1853,2,10,5,1.23,1.23,0,1.4,1.4,1
1853,2,10,5,1.23,1.23,0,1.4,1.4,1
1853,2,10,5,1.23,1.23,0,1.4,1.4,1
2163,2,10,5,1.23,1.23,0,1.4,1.4,1
5701,2,10,5,1.23,1.23,1,1.4,1.4,1
1,7,5,5,112.52,0.01,1,112.52,0.01,12
1386,2,3,5,4.75,0.25,1,4.75,0.25,1
2695,5,7,5,1.25,0.99,1,1.25,0.99,1
1,7,5,5,188.33,0.01,1,188.33,0.01,19
221,5,7,5,3.69,1.23,1,4.21,1.4,1
170,5,7,5,4.3,1.23,1,4.9,1.4,1
1954,5,7,5,6.62,1.77,1,8.87,2.37,1
578,2,10,5,2.45,2.45,0,2.79,2.79,1
578,2,10,5,2.45,2.45,0,2.79,2.79,1
578,2,10,5,2.45,2.45,0,2.79,2.79,1
578,2,10,5,2.45,2.45,0,2.79,2.79,1
578,2,10,5,2.45,2.45,0,2.79,2.79,1
578,2,10,5,2.45,2.45,0,2.79,2.79,1
884,2,10,5,2.45,2.45,1,2.79,2.79,1
884,2,10,5,2.45,2.45,1,2.79,2.79,1
1545,2,10,5,2.45,2.45,0,2.79,2.79,1
1545,2,10,5,2.45,2.45,0,2.79,2.79,1
1545,2,10,5,2.45,2.45,0,2.79,2.79,1
2695,5,7,5,2,2,0,2,2,1
2695,5,7,5,2,2,0,2,2,1
2695,5,7,5,2,2,0,2,2,1
2695,5,7,5,2,2,0,2,2,1
2696,5,7,5,2,2,0,2,2,1
2696,5,7,5,2.34,2,1,2.34,2,1
5703,2,10,5,9.57,0.5,1,9.57,0.5,1
1545,2,10,5,3.06,2.45,1,3.49,2.79,1
1545,2,10,5,3.07,2.44,1,3.5,2.79,1
2695,5,7,5,2.75,2,1,2.75,2,1
442,2,10,5,6.76,1.23,1,7.71,1.4,1
88,5,7,5,9.83,1.78,1,13.17,2.39,1
1545,2,10,5,3.69,2.45,1,4.21,2.79,1
1545,2,10,5,3.69,2.45,1,4.21,2.79,1
1545,2,10,5,3.73,2.45,1,4.25,2.79,1
920,2,3,5,7.59,1.23,1,8.65,1.4,1
510,2,3,5,2.5,2.5,0,2.5,2.5,1
433,7,5,5,4.06,2.45,1,4.63,2.79,1
170,5,7,5,9.22,1.23,1,10.51,1.4,1
578,2,10,5,4.93,2.45,1,5.62,2.79,1
18,5,7,5,9.82,2.68,1,13.16,3.59,1
170,5,7,5,10.45,1.23,1,11.91,1.4,2
119,2,10,5,860,0.01,1,860,0.01,86
3385,5,7,5,2.99,2.99,0,2.99,2.99,1
9003,5,7,5,2.99,2.99,0,2.99,2.99,1
25433,5,7,5,2.99,2.99,0,2.99,2.99,1
1545,2,10,5,5.53,2.45,1,6.3,2.79,1
2696,5,7,5,3,3,0,3,3,1
2695,5,7,5,3.25,3,1,3.25,3,1
1545,2,10,5,6.15,2.45,1,7.01,2.79,1
1545,2,10,5,6.15,2.45,1,7.01,2.79,1
1545,2,10,5,6.15,2.45,1,7.01,2.79,1
1545,2,10,5,7.13,2.45,1,8.13,2.79,1
1545,2,10,5,7.43,2.45,1,8.47,2.79,1
1545,2,10,5,8.28,2.45,1,9.44,2.79,1
170,5,7,5,16.6,1.23,1,18.92,1.4,2
1545,2,10,5,8.72,2.45,1,9.94,2.79,1
2220,7,5,5,14.5,0.99,1,14.5,0.99,2
1545,2,10,5,9.22,2.45,1,10.51,2.79,1
1545,2,10,5,9.22,2.45,1,10.51,2.79,1
578,2,10,5,9.42,2.45,1,10.74,2.79,1
578,2,10,5,9.47,2.45,1,10.8,2.79,1
1545,2,10,5,9.84,2.45,1,11.22,2.79,1
3613,5,7,5,3.99,3.99,0,3.99,3.99,1
9003,5,7,5,3.99,3.99,0,3.99,3.99,1
18,5,7,5,7.14,7.14,0,9.57,9.57,1
3385,5,7,5,5.5,2.99,1,5.5,2.99,1
3385,5,7,5,5.5,2.99,1,5.5,2.99,1
1545,2,10,5,11.68,2.45,1,13.32,2.79,2
1545,2,10,5,11.68,2.45,1,13.32,2.79,2
3385,5,7,5,6.5,2.99,1,6.5,2.99,1
227,5,7,5,12.3,2.45,1,14.02,2.79,2
4397,5,7,5,4.5,4.5,0,4.5,4.5,1
1545,2,10,5,12.91,2.45,1,14.72,2.79,2
1545,2,10,5,12.91,2.45,1,14.72,2.79,2
88,5,7,5,37.51,1.78,1,50.26,2.39,4
1179,2,10,5,26.92,1.23,1,30.69,1.4,3
337,5,7,5,5.5,3.99,1,5.5,3.99,1
2089,2,3,5,22.5,0.99,1,22.5,0.99,3
442,5,7,5,27.4,1.23,1,31.24,1.4,3
843,2,10,5,6.05,4,1,6.05,4,1
1375,5,7,5,4.99,4.99,0,4.99,4.99,1
4397,5,7,5,4.99,4.99,0,4.99,4.99,1
4397,5,7,5,4.99,4.99,0,4.99,4.99,1
533,2,3,5,6.15,6.15,0,7.01,7.01,1
1853,5,7,5,6.15,6.15,0,7.01,7.01,1
1853,5,7,5,6.15,6.15,0,7.01,7.01,1
2696,5,7,5,5,5,0,5,5,1
533,5,7,5,6.76,6.15,1,7.71,7.01,1
4398,7,5,5,5.5,5.5,0,5.5,5.5,1
1179,2,10,5,37.61,1.23,1,42.88,1.4,4
2220,2,3,5,33.14,0.99,1,33.14,0.99,4
25433,2,3,5,5.75,5.75,0,5.75,5.75,1
2220,2,3,5,34.06,0.99,1,34.06,0.99,4
76,2,3,5,5.99,5.99,0,5.99,5.99,1
4398,7,5,5,5.99,5.99,0,5.99,5.99,1
1304,2,10,5,7.38,7.38,0,8.41,8.41,1
1304,2,10,5,7.38,7.38,0,8.41,8.41,1
2220,2,3,5,36.55,0.99,1,36.55,0.99,4
1545,2,10,5,23.48,2.45,1,26.77,2.79,3
4680,5,7,5,15.97,3.68,0,18.21,4.19,2
2220,2,3,5,40.56,0.99,1,40.56,0.99,5
1179,5,7,5,49.79,1.23,1,56.76,1.4,5
93,2,10,5,54.18,1.23,1,61.77,1.4,6
81,5,7,5,11.5,3.99,1,11.5,3.99,2
2220,2,3,5,48,0.99,1,48,0.99,5
2179,7,5,5,6.99,6.99,0,6.99,6.99,1
2179,7,5,5,6.99,6.99,0,6.99,6.99,1
2179,7,5,5,6.99,6.99,0,6.99,6.99,1
2179,7,5,5,6.99,6.99,0,6.99,6.99,1
2179,7,5,5,6.99,6.99,1,6.99,6.99,1
3613,5,7,5,6.99,6.99,0,6.99,6.99,1
25433,5,7,5,6.99,6.99,0,6.99,6.99,1
3277,2,3,5,7,7,0,7,7,1
2696,5,7,5,11.12,5,1,11.12,5,2
2046,7,5,5,7.5,7.5,0,7.5,7.5,1
2046,7,5,5,7.5,7.5,0,7.5,7.5,1
2046,7,5,5,7.5,7.5,0,7.5,7.5,1
2046,7,5,5,7.5,7.5,0,7.5,7.5,1
2046,7,5,5,7.5,7.5,0,7.5,7.5,1
2046,7,5,5,7.5,7.5,0,7.5,7.5,1
2046,7,5,5,7.5,7.5,0,7.5,7.5,1
2046,7,5,5,7.5,7.5,0,7.5,7.5,1
2319,5,7,5,10.01,5.99,1,10.01,5.99,2
2046,7,5,5,8,7.5,1,8,7.5,1
1545,2,10,5,37.5,2.45,1,42.75,2.79,4
2760,2,10,5,62.99,0.99,1,62.99,0.99,7
2179,7,5,5,9,6.99,1,9,6.99,1
2046,7,5,5,9.01,7.5,1,9.01,7.5,1
2046,7,5,5,9.5,7.5,1,9.5,7.5,1
25433,2,3,5,8.5,8.5,0,8.5,8.5,1
1135,2,10,5,73.52,0.99,1,73.52,0.99,8
3385,5,7,5,9.42,9.42,0,9.42,9.42,1
25433,5,7,5,9.95,9.95,0,9.95,9.95,1
537,2,10,5,13.72,10.95,1,15.64,12.49,2
626,2,3,5,9.99,9.99,0,9.99,9.99,1
1265,7,5,5,9.99,9.99,0,9.99,9.99,1
985,5,7,5,9.99,9.99,0,9.99,9.99,1
1256,5,7,5,9.99,9.99,0,9.99,9.99,1
3385,5,7,5,9.99,9.99,0,9.99,9.99,1
3385,5,7,5,9.99,9.99,0,9.99,9.99,1
3613,5,7,5,9.99,9.99,0,9.99,9.99,1
4680,5,7,5,12.29,12.29,0,14.01,14.01,2
19,2,10,5,124.2,1.23,1,141.59,1.4,13
20,7,5,5,103.55,0.99,1,103.55,0.99,11
985,5,7,5,10.5,9.99,1,10.5,9.99,2
533,5,7,5,25.82,6.15,1,29.43,7.01,3
541,5,7,5,10.75,9.99,1,10.75,9.99,2
18,5,7,5,31.98,10.71,1,42.85,14.35,4
2220,2,3,5,115.27,0.99,1,115.27,0.99,12
5257,2,3,5,10.99,10.99,0,10.99,10.99,2
5257,2,3,5,10.99,10.99,0,10.99,10.99,2
5257,2,3,5,10.99,10.99,0,10.99,10.99,2
166,7,5,5,21.33,6,1,21.33,6,3
25433,5,7,5,11.5,11.5,0,11.5,11.5,2
541,5,7,5,15.5,8.99,1,15.5,8.99,2
3385,5,7,5,11.95,11.95,0,11.95,11.95,2
3385,5,7,5,11.99,11.99,0,11.99,11.99,2
3385,5,7,5,11.99,11.99,0,11.99,11.99,2
3385,5,7,5,11.99,11.99,0,11.99,11.99,2
3385,5,7,5,11.99,11.99,0,11.99,11.99,2
3385,5,7,5,11.99,11.99,0,11.99,11.99,2
2168,5,7,5,20.44,11.07,1,23.3,12.62,3
3385,5,7,5,15.55,9.99,1,15.55,9.99,2
3385,5,7,5,13,11.99,1,13,11.99,2
3385,5,7,5,13.05,11.99,1,13.05,11.99,2
709,2,10,5,38.76,6.14,1,44.19,7,4
541,5,7,5,16.5,9.99,1,16.5,9.99,2
2220,2,3,5,169.87,0.99,1,169.87,0.99,17
5257,2,3,5,12.99,12.99,0,12.99,12.99,2
576,5,7,5,17.5,9.99,1,17.5,9.99,2
387,5,7,5,36,5,1,36,5,4
988,5,7,5,27.78,6.75,1,27.78,6.75,3
3613,5,7,5,19.49,9.99,1,19.49,9.99,2
3385,5,7,5,16.56,11.99,1,16.56,11.99,2
359,5,7,5,20.39,9.99,1,20.39,9.99,3
985,5,7,5,21.61,9.99,1,21.61,9.99,3
25433,5,7,5,14.95,14.95,0,14.95,14.95,2
25433,5,7,5,14.95,14.95,0,14.95,14.95,2
25433,5,7,5,14.95,14.95,0,14.95,14.95,2
25433,5,7,5,14.95,14.95,0,14.95,14.95,2
5257,2,3,5,14.99,14.99,0,14.99,14.99,2
5257,2,3,5,14.99,14.99,0,14.99,14.99,2
5257,2,3,5,14.99,14.99,0,14.99,14.99,2
366,5,7,5,232.5,0.99,1,232.5,0.99,24
5257,2,3,5,15.5,14.99,1,15.5,14.99,2
336,5,7,5,122.5,2,1,122.5,2,13
985,5,7,5,26,9.99,1,26,9.99,3
1540,5,7,5,26,9.99,1,26,9.99,3
5257,2,3,5,16.99,16.99,0,16.99,16.99,2
5257,2,3,5,16.99,16.99,0,16.99,16.99,2
110,4,1,5,31.01,9.99,1,31.01,9.99,4
442,2,10,5,381.53,1.23,1,434.94,1.4,39
985,5,7,5,33.25,9.99,1,33.25,9.99,4
985,5,7,5,33.5,9.99,1,33.5,9.99,4
387,5,7,5,74.75,5,1,74.75,5,8
664,2,3,5,20,20,0,20,20,2
3385,5,7,5,38.5,11.99,1,38.5,11.99,4
6586,2,3,5,25.49,19.99,1,25.49,19.99,3
5257,2,3,5,31,16.95,1,31,16.95,4
1779,4,1,5,24.99,24.99,0,24.99,24.99,3
2944,5,7,5,24.99,24.99,1,24.99,24.99,3
359,5,7,5,66,9.99,1,66,9.99,7
985,5,7,5,75,9.99,1,75,9.99,8
5257,2,3,5,27.95,27.95,0,27.95,27.95,3
704,5,7,5,32.03,24.99,1,32.03,24.99,4
3325,2,3,5,86.04,9.99,1,86.04,9.99,9
957,2,3,5,87.67,9.99,1,87.67,9.99,9
1147,5,7,5,53.52,53.52,0,71.72,71.72,6
1256,5,7,5,29.99,29.99,0,29.99,29.99,3
6787,5,7,5,56,16.99,1,56,16.99,6
25433,7,5,5,34.95,34.95,0,34.95,34.95,4
5,7,5,5,77,19.99,1,77,19.99,8
696,5,7,5,163,9.99,1,163,9.99,17
985,5,7,5,285,9.99,1,285,9.99,29
6945,5,7,5,392.51,9.99,1,392.51,9.99,40
52,5,7,5,491,9.99,1,491,9.99,50
590,2,10,5,797,9.95,1,797,9.95,80
325,2,10,5,389,50,1,389,50,39
993,5,7,5,199.99,199.99,0,199.99,199.99,20
862,7,5,5,219,219,0,219,219,22
411,2,3,5,0.99,0.99,1,0.99,0.99,1
4790,5,7,5,0.99,0.99,0,0.99,0.99,1
29,5,7,5,1.23,1.23,0,1.4,1.4,1
165,2,10,5,1.23,1.23,0,1.4,1.4,1
3375,2,10,5,1.23,1.23,0,1.4,1.4,1
3375,2,10,5,1.23,1.23,0,1.4,1.4,1
105,2,3,5,2.45,2.45,0,2.79,2.79,1
105,5,7,5,2.45,2.45,0,2.79,2.79,1
2382,2,10,5,2.45,2.45,0,2.79,2.79,1
863,2,10,5,3.7,2.45,1,4.22,2.79,1
366,7,5,5,2.5,2.5,0,2.5,2.5,1
113,5,7,5,9.84,1.23,1,11.22,1.4,1
411,7,5,5,8.5,0.99,1,8.5,0.99,1
2711,7,5,5,11.5,0.99,1,11.5,0.99,2
454,7,5,5,15.5,0.99,1,15.5,0.99,2
18,5,7,5,15.51,0.99,1,15.51,0.99,2
335,4,1,5,25.21,1.23,1,28.74,1.4,3
454,2,3,5,26,0.99,1,26,0.99,3
1,7,5,5,35.05,1.23,1,39.96,1.4,4
199,5,7,5,19.98,2.45,1,22.78,2.79,2
21,5,7,5,22.33,5.35,1,29.92,7.18,3
1405,7,5,5,9.99,9.99,0,9.99,9.99,1
9003,5,7,5,9.99,9.99,0,9.99,9.99,1
3896,4,1,5,230,1,1,230,1,23
24,2,3,5,265,0.99,1,265,0.99,27
112,5,7,5,28,9.99,1,28,9.99,3
24,2,3,5,306.23,0.99,1,306.23,0.99,31
4028,7,5,5,19.95,19.95,0,19.95,19.95,2
127,7,5,5,495.58,1.23,1,564.96,1.4,50
434,5,7,5,41.5,9.99,1,41.5,9.99,5
127,7,5,5,646.85,1.23,1,737.41,1.4,65
320,2,3,5,117.5,9.99,1,117.5,9.99,12
320,2,3,5,120.99,9.99,1,120.99,9.99,13
320,2,3,5,124.5,9.99,1,124.5,9.99,13
320,2,3,5,162.5,9.99,1,162.5,9.99,17
67,5,7,5,227.5,150,1,227.5,150,23
4,7,5,5,62,0.01,1,62,0.01,7
9,7,5,5,1.23,1.23,0,1.4,1.4,1
1550,5,7,5,1.23,1.23,0,1.4,1.4,1
1550,5,7,5,1.84,1.23,1,2.1,1.4,1
1550,5,7,5,1.84,1.23,1,2.1,1.4,1
1550,5,7,5,1.84,1.23,1,2.1,1.4,1
1550,5,7,5,1.84,1.23,1,2.1,1.4,1
1550,5,7,5,1.84,1.23,1,2.1,1.4,1
1550,5,7,5,2.46,1.23,1,2.8,1.4,1
1550,5,7,5,2.46,1.23,1,2.8,1.4,1
1550,5,7,5,2.46,1.23,1,2.8,1.4,1
5701,2,10,5,2.45,2.45,0,2.79,2.79,1
5701,2,10,5,2.45,2.45,0,2.79,2.79,1
5701,2,10,5,3.69,2.45,1,4.21,2.79,1
5701,2,10,5,4.43,2.45,1,5.05,2.79,1
2956,2,3,5,81.55,0.1,1,81.55,0.1,9
5701,2,10,5,6.76,2.45,1,7.71,2.79,1
5701,2,10,5,25.62,1.23,1,29.21,1.4,3
110,7,5,5,37.5,1.23,1,42.75,1.4,4
137,2,10,5,51.17,1.23,1,58.33,1.4,6
71,2,10,5,69.04,1.23,1,78.71,1.4,7
405,7,5,5,8.95,6.99,1,8.95,6.99,1
2132,7,5,5,7.99,7.99,0,7.99,7.99,1
4,2,10,5,81.16,1.23,1,92.52,1.4,9
39,2,3,5,80,1,1,80,1,8
384,5,7,5,111.91,1.23,1,127.58,1.4,12
65,5,7,5,12.29,12.29,0,14.01,14.01,2
27,2,10,5,126.66,1.23,1,144.39,1.4,13
405,7,5,5,12.5,9.99,1,12.5,9.99,2
841,7,5,5,30,4.99,1,30,4.99,3
844,2,10,5,185.69,1.23,1,211.69,1.4,19
50,7,5,5,186.38,1.23,1,212.47,1.4,19
10,2,10,5,197.99,1.23,1,225.71,1.4,20
825,7,5,5,205.37,1.23,1,234.12,1.4,21
69,5,7,5,245.95,1.23,1,280.38,1.4,25
30,2,3,5,270.55,1.23,1,308.43,1.4,28
148,5,7,5,52.23,5.99,1,52.23,5.99,6
316,2,10,5,59.03,9.84,0,67.29,11.22,6
306,5,7,5,501.32,1.23,1,571.5,1.4,51
2358,7,5,5,42.77,9.99,1,42.77,9.99,5
572,5,7,5,22.95,22.95,0,22.95,22.95,3
572,5,7,5,22.95,22.95,0,22.95,22.95,3
9747,7,5,5,25,25,0,25,25,3
148,5,7,5,120.5,5.99,1,120.5,5.99,13
2358,7,5,5,86,9.99,1,86,9.99,9
2358,7,5,5,114.5,9.99,1,114.5,9.99,12
2358,7,5,5,167.5,9.99,1,167.5,9.99,17
2358,7,5,5,222.5,9.99,1,222.5,9.99,23
8,7,5,5,69.99,69.99,1,69.99,69.99,7
2358,7,5,5,79.99,79.99,0,79.99,79.99,8
156,5,7,5,187.5,50,1,187.5,50,19
7,2,3,5,222.58,67.63,1,253.74,77.1,23
13,2,10,5,250.87,122.98,1,285.99,140.19,26
13,5,7,5,278.29,122.97,1,317.25,140.19,28
2358,7,5,5,202.5,199.99,1,202.5,199.99,21
109,5,7,5,0.99,0.99,0,0.99,0.99,1
212,5,7,5,1.99,1.99,0,1.99,1.99,1
232,2,3,5,5.34,5.34,0,7.16,7.16,1
9003,5,7,5,2.99,2.99,0,2.99,2.99,1
232,2,3,5,7.12,7.12,1,9.54,9.54,1
1265,5,7,5,5.7,5.7,0,5.7,5.7,1
1266,5,7,5,5.7,5.7,0,5.7,5.7,1
814,5,7,5,9.99,9.99,0,9.99,9.99,1
814,5,7,5,9.99,9.99,0,9.99,9.99,1
814,5,7,5,9.99,9.99,0,9.99,9.99,1
1124,2,10,5,9.99,9.99,0,9.99,9.99,1
4397,5,7,5,10.99,10.99,0,10.99,10.99,2
814,2,3,5,11.99,11.99,0,11.99,11.99,2
56,5,7,5,175,0.99,1,175,0.99,18
59,2,3,5,19,9.99,1,19,9.99,2
1574,5,7,5,26.07,9.95,1,26.07,9.95,3
1663,2,3,5,39.99,39.99,0,39.99,39.99,4
70,5,7,5,2.45,2.45,0,2.79,2.79,1
70,5,7,5,2.45,2.45,0,2.79,2.79,1
70,5,7,5,2.45,2.45,0,2.79,2.79,1
70,5,7,5,2.45,2.45,0,2.79,2.79,1
2459,5,7,5,4.24,2.99,1,4.24,2.99,1
1155,5,7,5,3.99,3.99,0,3.99,3.99,1
1155,5,7,5,3.99,3.99,0,3.99,3.99,1
1155,5,7,5,3.99,3.99,0,3.99,3.99,1
1155,5,7,5,4.49,4.49,0,4.49,4.49,1
1059,7,5,5,4.95,4.95,0,4.95,4.95,1
4398,7,5,5,4.99,4.99,0,4.99,4.99,1
4398,7,5,5,4.99,4.99,0,4.99,4.99,1
1155,5,7,5,4.99,4.99,0,4.99,4.99,1
1155,5,7,5,4.99,4.99,0,4.99,4.99,1
1155,5,7,5,4.99,4.99,0,4.99,4.99,1
1155,5,7,5,4.99,4.99,0,4.99,4.99,1
1155,5,7,5,4.99,4.99,0,4.99,4.99,1
4397,5,7,5,5.25,5.25,0,5.25,5.25,1
1155,5,7,5,5.99,5.99,0,5.99,5.99,1
1155,5,7,5,5.99,5.99,0,5.99,5.99,1
1155,5,7,5,5.99,5.99,0,5.99,5.99,1
1155,5,7,5,5.99,5.99,0,5.99,5.99,1
1155,5,7,5,5.99,5.99,0,5.99,5.99,1
1155,5,7,5,5.99,5.99,0,5.99,5.99,1
1155,5,7,5,5.99,5.99,0,5.99,5.99,1
4397,5,7,5,5.99,5.99,0,5.99,5.99,1
1155,5,7,5,6.45,6.45,0,6.45,6.45,1
1155,5,7,5,6.95,6.45,1,6.95,6.45,1
1155,5,7,5,6.99,6.99,0,6.99,6.99,1
1155,5,7,5,6.99,6.99,0,6.99,6.99,1
1155,5,7,5,6.99,6.99,0,6.99,6.99,1
1155,5,7,5,7.49,6.99,1,7.49,6.99,1
9003,5,7,5,7.49,6.99,1,7.49,6.99,1
1405,2,3,5,7.99,7.99,0,7.99,7.99,1
1155,5,7,5,7.99,7.99,0,7.99,7.99,1
1155,5,7,5,7.99,7.99,0,7.99,7.99,1
1155,5,7,5,7.99,7.99,0,7.99,7.99,1
1155,5,7,5,7.99,7.99,0,7.99,7.99,1
1155,5,7,5,7.99,7.99,0,7.99,7.99,1
1155,5,7,5,7.99,7.99,0,7.99,7.99,1
1155,5,7,5,7.99,7.99,0,7.99,7.99,1
1155,5,7,5,8.49,7.99,1,8.49,7.99,1
1155,5,7,5,8.5,7.99,1,8.5,7.99,1
678,7,5,5,18.45,6.15,0,21.03,7.01,2
1155,5,7,5,8.99,8.99,0,8.99,8.99,1
1155,5,7,5,8.99,8.99,0,8.99,8.99,1
1155,5,7,5,8.99,8.99,0,8.99,8.99,1
1155,5,7,5,8.99,8.99,0,8.99,8.99,1
1155,5,7,5,8.99,8.99,0,8.99,8.99,1
1155,5,7,5,8.99,8.99,0,8.99,8.99,1
1155,5,7,5,8.99,8.99,0,8.99,8.99,1
1155,5,7,5,10.5,7.99,1,10.5,7.99,2
83,2,10,5,12.29,12.29,0,14.01,14.01,2
83,2,10,5,12.29,12.29,0,14.01,14.01,2
1155,5,7,5,12.37,8.99,1,12.37,8.99,2
1155,5,7,5,15.5,7.99,1,15.5,7.99,2
1155,5,7,5,13.5,12.99,1,13.5,12.99,2
678,5,7,5,54.65,5.46,0,62.3,6.22,6
109,7,5,5,21.71,11.99,1,21.71,11.99,3
4398,4,1,5,18.99,18.99,0,18.99,18.99,2
4398,7,5,5,18.99,18.99,0,18.99,18.99,2
4398,7,5,5,18.99,18.99,0,18.99,18.99,2
1155,5,7,5,26.99,26.99,0,26.99,26.99,3
1155,5,7,5,29.99,29.99,0,29.99,29.99,3
29,4,7,4,11.6,0.02,1,15.54,0.02,2
2991,4,7,4,0.98,0.53,1,1.31,0.72,1
54,2,10,5,1.23,1.23,0,1.4,1.4,1
100,2,10,5,1.23,1.23,0,1.4,1.4,1
5701,2,10,5,1.23,1.23,0,1.4,1.4,1
5701,2,10,5,1.23,1.23,0,1.4,1.4,1
533,5,7,5,112.5,0.01,1,112.5,0.01,12
53,5,7,5,2.14,1.77,1,2.87,2.37,1
53,5,7,5,2.57,1.77,1,3.44,2.37,1
2991,5,7,5,2.57,1.77,1,3.44,2.37,1
53,5,7,5,2.86,1.77,1,3.83,2.37,1
53,5,7,5,3.02,1.77,1,4.05,2.37,1
53,5,7,5,3.03,1.76,1,4.06,2.36,1
53,5,7,5,3.12,1.77,1,4.18,2.37,1
53,5,7,5,3.39,1.77,1,4.54,2.37,1
53,5,7,5,3.75,1.77,1,5.03,2.37,1
841,7,5,5,2.2,0.99,1,2.2,0.99,1
53,5,7,5,3.94,1.76,1,5.28,2.37,1
53,5,7,5,4.28,1.77,1,5.74,2.37,1
53,5,7,5,4.28,1.77,1,5.74,2.37,1
53,5,7,5,4.64,1.77,1,6.22,2.37,1
53,5,7,5,5.35,1.77,1,7.17,2.37,1
53,5,7,5,5.71,1.77,1,7.65,2.37,1
53,5,7,5,5.71,1.77,1,7.65,2.37,1
5350,5,7,5,2.45,2.45,0,2.79,2.79,1
5350,5,7,5,2.45,2.45,0,2.79,2.79,1
376,5,7,5,3.57,3.57,0,4.78,4.78,1
53,5,7,5,7.5,1.77,1,10.05,2.37,1
53,5,7,5,7.51,1.77,1,10.06,2.37,1
54,7,5,5,5.53,1.23,1,6.3,1.4,1
5350,7,5,5,3.07,2.44,1,3.5,2.79,1
670,5,7,5,9.83,1.77,1,13.17,2.37,1
1402,5,7,5,3.07,3.07,0,3.5,3.5,1
4366,5,7,5,6.76,2.45,1,7.71,2.79,1
390,7,5,5,11.5,0.99,1,11.5,0.99,2
266,7,5,5,14.28,1.23,1,16.28,1.4,2
5701,2,10,5,15.37,1.23,1,17.52,1.4,2
71,5,7,5,18.58,1.23,1,21.18,1.4,2
3613,5,7,5,3.99,3.99,0,3.99,3.99,1
3613,5,7,5,3.99,3.99,0,3.99,3.99,1
9003,5,7,5,3.99,3.99,0,3.99,3.99,1
1405,2,10,5,10.08,2.45,1,11.49,2.79,2
53,5,7,5,17.4,3.55,1,23.32,4.76,2
739,2,3,5,12.9,2.45,1,14.71,2.79,2
739,2,3,5,15.1,2.45,1,17.21,2.79,2
326,7,5,5,5,5,0,5,5,1
730,2,3,5,31.01,1.23,1,35.35,1.4,4
1635,2,10,5,33.67,1.23,1,38.38,1.4,4
2168,2,3,5,28,0.99,1,28,0.99,3
1635,2,10,5,34.68,1.23,1,39.54,1.4,4
1635,2,10,5,34.68,1.23,1,39.54,1.4,4
1405,2,10,5,17.83,2.45,1,20.33,2.79,2
1635,2,10,5,37.51,1.23,1,42.76,1.4,4
1405,2,10,5,22.14,2.45,1,25.24,2.79,3
157,5,7,5,22.15,2.46,1,25.25,2.8,3
1405,7,5,5,10.5,3.99,1,10.5,3.99,2
1405,2,10,5,27.52,2.45,1,31.37,2.79,3
1405,2,10,5,28.48,2.45,1,32.47,2.79,3
118,5,7,5,57.18,1.23,1,65.19,1.4,6
91,2,10,5,59.52,1.23,1,67.85,1.4,6
3613,5,7,5,8.01,6.99,1,8.01,6.99,1
56,5,7,5,75.01,1.23,1,85.51,1.4,8
3613,5,7,5,7.99,7.99,0,7.99,7.99,1
3613,5,7,5,7.99,7.99,0,7.99,7.99,1
200,5,7,5,17.83,5.53,0,20.33,6.31,2
1405,2,10,5,40.91,2.45,1,46.64,2.79,5
5701,2,10,5,41.2,2.46,1,46.97,2.8,5
1635,2,10,5,87.31,1.23,1,99.53,1.4,9
18,2,10,5,18.45,6.15,0,21.03,7.01,2
1405,2,10,5,49.79,2.45,1,56.76,2.79,5
3613,5,7,5,8.99,8.99,0,8.99,8.99,1
5701,2,10,5,11.07,11.07,0,12.62,12.62,2
5701,2,10,5,11.07,11.07,0,12.62,12.62,2
5701,2,10,5,11.07,11.07,0,12.62,12.62,2
5701,2,10,5,11.07,11.07,0,12.62,12.62,2
157,5,7,5,12.91,11.07,1,14.72,12.61,2
2169,2,3,5,9.99,9.99,0,9.99,9.99,1
2169,2,3,5,9.99,9.99,0,9.99,9.99,1
1127,7,5,5,9.99,9.99,0,9.99,9.99,1
1329,2,10,5,30.62,6.03,0,34.91,6.87,4
157,5,7,5,16.81,11.07,1,19.16,12.62,2
2168,2,3,5,11.99,11.99,0,11.99,11.99,2
100,2,10,5,25.21,9.84,1,28.74,11.22,3
100,2,10,5,25.21,9.84,1,28.74,11.22,3
730,7,5,5,23.37,11.07,0,26.64,12.62,3
3613,5,7,5,16.01,12.99,1,16.01,12.99,2
5701,7,5,5,44.27,7.38,0,50.47,8.41,5
5701,2,10,5,44.27,7.38,0,50.47,8.41,5
3613,5,7,5,14.99,14.99,0,14.99,14.99,2
3613,5,7,5,31.59,8.99,1,31.59,8.99,4
678,2,10,5,41,8.5,1,41,8.5,5
5701,2,10,5,48.59,11.07,1,55.39,12.62,5
730,7,5,5,24.6,24.6,0,28.04,28.04,3
1304,5,7,5,23.5,23.5,0,23.5,23.5,3
1620,2,10,5,60,9.95,1,60,9.95,6
354,7,5,5,615,0.99,1,615,0.99,62
280,2,3,5,24.77,24.77,0,24.77,24.77,3
4398,2,3,5,24.99,24.99,0,24.99,24.99,3
841,2,3,5,29.99,29.99,0,29.99,29.99,3
933,4,1,5,51,19.99,1,51,19.99,6
1162,7,5,5,177.5,9.99,1,177.5,9.99,18
552,2,3,5,50,50,1,50,50,5
1317,5,7,5,1,1,1,1,1,1
743,2,3,5,3.25,1,1,3.25,1,1
72,4,1,5,2.45,2.45,0,2.79,2.79,1
72,4,1,5,2.45,2.45,0,2.79,2.79,1
1124,2,3,5,2.5,2,1,2.5,2,1
5701,2,10,5,6.76,1.23,1,7.71,1.4,1
225,5,7,5,750,0.01,1,750,0.01,75
2189,5,7,5,5.35,5.35,0,7.17,7.17,1
743,2,3,5,9.72,1,1,9.72,1,1
1180,5,7,5,9.82,3.57,1,13.16,4.79,1
2168,5,7,5,14.14,1.23,1,16.12,1.4,2
1322,5,7,5,12.83,0.99,1,12.83,0.99,2
89,2,10,5,8.01,2.45,1,9.13,2.79,1
1180,5,7,5,11.6,3.57,1,15.54,4.78,2
9003,5,7,5,3.89,3.89,0,3.89,3.89,1
25433,5,7,5,3.99,3.99,0,3.99,3.99,1
25433,5,7,5,3.99,3.99,0,3.99,3.99,1
25433,5,7,5,3.99,3.99,0,3.99,3.99,1
25433,5,7,5,3.99,3.99,0,3.99,3.99,1
1180,5,7,5,14.28,3.57,1,19.14,4.78,2
25433,5,7,5,4.25,3.99,1,4.25,3.99,1
25433,5,7,5,4.95,4.95,0,4.95,4.95,1
25433,5,7,5,4.95,4.95,0,4.95,4.95,1
945,5,7,5,4.99,4.99,0,4.99,4.99,1
25433,4,1,5,5.95,5.95,0,5.95,5.95,1
25433,7,5,5,5.99,5.99,0,5.99,5.99,1
637,2,10,5,15.86,3.57,0,18.08,4.06,2
2168,5,7,5,15.93,3.63,0,18.16,4.14,2
5701,2,10,5,19.68,3.68,1,22.44,4.19,2
1139,7,5,5,8.55,8.55,0,9.75,9.75,1
2168,5,7,5,8.61,8.61,0,9.82,9.82,1
1139,7,5,5,11.01,11.01,1,12.55,12.55,2
25433,5,7,5,8.99,8.99,0,8.99,8.99,1
2168,5,7,5,11.07,11.07,0,12.62,12.62,2
5701,2,10,5,11.07,11.07,0,12.62,12.62,2
2168,5,7,5,11.67,11.06,1,13.3,12.6,2
5769,2,10,5,11.68,11.07,1,13.32,12.61,2
2168,5,7,5,29.45,4.86,0,33.57,5.54,3
2168,5,7,5,29.45,4.86,0,33.57,5.54,3
2168,5,7,5,23.84,6.09,1,27.18,6.94,3
2168,5,7,5,24.6,6.09,1,28.04,6.94,3
25433,5,7,5,9.95,9.95,0,9.95,9.95,1
942,7,5,5,12.29,12.29,0,14.01,14.01,2
9003,5,7,5,9.99,9.99,0,9.99,9.99,1
1139,2,3,5,12.85,12.24,1,14.65,13.95,2
9003,5,7,5,11.51,9.99,1,11.51,9.99,2
2168,5,7,5,13.47,13.47,0,15.36,15.36,2
2168,5,7,5,21.52,8.61,1,24.53,9.81,3
4556,7,5,5,26,5,1,26,5,3
593,5,7,5,21.42,21.42,0,28.7,28.7,3
983,7,5,5,12.99,12.99,0,12.99,12.99,2
2168,5,7,5,23.92,11.01,1,27.27,12.55,3
2168,5,7,5,27.05,11,1,30.84,12.55,3
2168,2,3,5,24.53,12.23,0,27.96,13.95,3
2168,7,5,5,24.53,12.23,0,27.96,13.95,3
25433,5,7,5,14.95,14.95,0,14.95,14.95,2
25433,5,7,5,14.95,14.95,0,14.95,14.95,2
25433,5,7,5,14.95,14.95,0,14.95,14.95,2
25433,5,7,5,14.95,14.95,0,14.95,14.95,2
25433,5,7,5,14.95,14.95,0,14.95,14.95,2
25433,5,7,5,14.95,14.95,0,14.95,14.95,2
25433,5,7,5,14.95,14.95,0,14.95,14.95,2
25433,5,7,5,14.95,14.95,0,14.95,14.95,2
790,7,5,5,14.99,14.99,0,14.99,14.99,2
2168,5,7,5,31.36,11.01,1,35.75,12.55,4
25433,5,7,5,15.45,14.95,1,15.45,14.95,2
2168,5,7,5,41.2,11.07,1,46.97,12.62,5
2046,5,7,5,17.95,17.95,0,17.95,17.95,2
2046,5,7,5,17.95,17.95,0,17.95,17.95,2
2046,5,7,5,17.95,17.95,0,17.95,17.95,2
2046,5,7,5,17.95,17.95,0,17.95,17.95,2
11576,2,3,5,19.95,19.95,0,19.95,19.95,2
2046,7,5,5,19.95,19.95,0,19.95,19.95,2
2046,7,5,5,19.95,19.95,0,19.95,19.95,2
2046,5,7,5,19.95,19.95,0,19.95,19.95,2
2046,5,7,5,19.95,19.95,0,19.95,19.95,2
2046,5,7,5,19.95,19.95,0,19.95,19.95,2
790,7,5,5,19.99,19.99,0,19.99,19.99,2
2046,7,5,5,25,19.95,1,25,19.95,3
25433,5,7,5,23.5,23.5,0,23.5,23.5,3
790,7,5,5,31,19.99,1,31,19.99,4
11576,7,5,5,24.95,24.95,0,24.95,24.95,3
3249,3,5,1,0.01,0.01,0,0.01,0.01,1
3249,3,5,1,0.01,0.01,0,0.01,0.01,1
3249,3,5,1,0.01,0.01,0,0.01,0.01,1
3249,3,5,1,0.01,0.01,0,0.01,0.01,1
3249,3,5,1,0.01,0.01,0,0.01,0.01,1
3249,3,5,1,0.01,0.01,0,0.01,0.01,1
3249,3,5,1,0.01,0.01,0,0.01,0.01,1
3249,3,5,1,0.01,0.01,0,0.01,0.01,1
3249,3,5,1,0.01,0.01,0,0.01,0.01,1
3249,3,5,1,0.01,0.01,0,0.01,0.01,1
3249,3,5,1,0.01,0.01,0,0.01,0.01,1
3249,3,5,1,0.01,0.01,0,0.01,0.01,1
3249,3,5,1,0.01,0.01,0,0.01,0.01,1
3249,3,5,1,0.01,0.01,0,0.01,0.01,1
3249,3,5,1,0.01,0.01,0,0.01,0.01,1
3249,3,5,1,0.01,0.01,0,0.01,0.01,1
37727,1,7,1,0.01,0.01,0,0.01,0.01,1
3249,3,5,1,0.06,0.01,1,0.06,0.01,1
3249,3,5,1,0.1,0.01,1,0.1,0.01,1
3249,3,5,1,0.11,0.01,1,0.11,0.01,1
3249,3,5,1,0.17,0.01,1,0.17,0.01,1
3249,3,5,1,0.17,0.01,1,0.17,0.01,1
3249,3,5,1,0.21,0.01,1,0.21,0.01,1
3249,3,5,1,0.55,0.01,1,0.55,0.01,1
3249,3,5,1,0.55,0.01,1,0.55,0.01,1
3249,3,5,1,1.05,0.01,1,1.05,0.01,1
3249,3,5,1,1.25,0.01,1,1.25,0.01,1
3249,3,5,1,1.25,0.01,1,1.25,0.01,1
3249,3,5,1,1.25,0.01,1,1.25,0.01,1
3249,3,5,1,1.25,0.01,1,1.25,0.01,1
3249,3,5,1,1.29,0.01,1,1.29,0.01,1
3249,3,5,1,1.3,0.01,1,1.3,0.01,1
3249,3,5,1,1.32,0.01,1,1.32,0.01,1
3249,3,5,1,1.32,0.01,1,1.32,0.01,1
3249,3,5,1,1.37,0.01,1,1.37,0.01,1
3249,3,5,1,1.5,0.01,1,1.5,0.01,1
3249,3,5,1,1.58,0.01,1,1.58,0.01,1
3249,3,5,1,1.75,0.01,1,1.75,0.01,1
3249,3,5,1,2,0.01,1,2,0.01,1
3249,3,5,1,2,0.01,1,2,0.01,1
3249,3,5,1,2,0.01,1,2,0.01,1
3249,3,5,1,2.05,0.01,1,2.05,0.01,1
3249,3,5,1,2.13,0.01,1,2.13,0.01,1
3249,3,5,1,2.25,0.01,1,2.25,0.01,1
3249,3,5,1,2.25,0.01,1,2.25,0.01,1
3249,3,5,1,2.3,0.01,1,2.3,0.01,1
3249,3,5,1,2.33,0.01,1,2.33,0.01,1
3249,3,5,1,2.8,0.01,1,2.8,0.01,1
3249,3,5,1,3,0.01,1,3,0.01,1
3249,3,5,1,3,0.01,1,3,0.01,1
3249,3,5,1,3.01,0.01,1,3.01,0.01,1
3249,3,5,1,3.06,0.01,1,3.06,0.01,1
3249,3,5,1,3.08,0.01,1,3.08,0.01,1
3249,3,5,1,3.25,0.01,1,3.25,0.01,1
3249,3,5,1,3.25,0.01,1,3.25,0.01,1
3249,3,5,1,3.25,0.01,1,3.25,0.01,1
3249,3,5,1,3.25,0.01,1,3.25,0.01,1
3249,3,5,1,3.26,0.01,1,3.26,0.01,1
3249,3,5,1,3.27,0.01,1,3.27,0.01,1
3249,3,5,1,3.3,0.01,1,3.3,0.01,1
3249,3,5,1,3.31,0.01,1,3.31,0.01,1
3249,3,5,1,3.36,0.01,1,3.36,0.01,1
3249,3,5,1,3.5,0.01,1,3.5,0.01,1
3249,3,5,1,3.55,0.01,1,3.55,0.01,1
3249,3,5,1,3.75,0.01,1,3.75,0.01,1
3249,3,5,1,3.75,0.01,1,3.75,0.01,1
3249,3,5,1,3.76,0.01,1,3.76,0.01,1
3249,3,5,1,3.8,0.01,1,3.8,0.01,1
3249,3,5,1,3.8,0.01,1,3.8,0.01,1
3249,3,5,1,3.84,0.01,1,3.84,0.01,1
3249,3,5,1,4.17,0.01,1,4.17,0.01,1
3249,3,5,1,4.25,0.01,1,4.25,0.01,1
3249,3,5,1,4.25,0.01,1,4.25,0.01,1
3249,3,5,1,4.25,0.01,1,4.25,0.01,1
3249,3,5,1,4.25,0.01,1,4.25,0.01,1
37727,1,7,1,4.26,0.01,1,4.26,0.01,1
3249,3,5,1,4.29,0.01,1,4.29,0.01,1
3249,3,5,1,4.31,0.01,1,4.31,0.01,1
3249,3,5,1,4.4,0.01,1,4.4,0.01,1
3249,3,5,1,4.54,0.01,1,4.54,0.01,1
3249,3,5,1,4.75,0.01,1,4.75,0.01,1
3249,3,5,1,4.9,0.01,1,4.9,0.01,1
3249,3,5,1,5,0.01,1,5,0.01,1
3249,3,5,1,5,0.01,1,5,0.01,1
3249,3,5,1,5.01,0.01,1,5.01,0.01,1
3249,3,5,1,5.5,0.01,1,5.5,0.01,1
3249,3,5,1,5.5,0.01,1,5.5,0.01,1
3249,3,5,1,5.5,0.01,1,5.5,0.01,1
3249,3,5,1,5.52,0.01,1,5.52,0.01,1
3249,3,5,1,5.52,0.01,1,5.52,0.01,1
3249,3,5,1,6,0.01,1,6,0.01,1
3249,3,5,1,6.01,0.01,1,6.01,0.01,1
3249,3,5,1,6.15,0.01,1,6.15,0.01,1
3249,3,5,1,6.18,0.01,1,6.18,0.01,1
3249,3,5,1,6.5,0.01,1,6.5,0.01,1
3249,3,5,1,6.5,0.01,1,6.5,0.01,1
3249,3,5,1,6.5,0.01,1,6.5,0.01,1
3249,3,5,1,6.5,0.01,1,6.5,0.01,1
3249,3,5,1,6.55,0.01,1,6.55,0.01,1
3249,3,5,1,6.71,0.01,1,6.71,0.01,1
3249,3,5,1,7,0.01,1,7,0.01,1
3249,3,5,1,7,0.01,1,7,0.01,1
3249,3,5,1,7,0.01,1,7,0.01,1
3249,3,5,1,7.05,0.01,1,7.05,0.01,1
3249,3,5,1,7.5,0.01,1,7.5,0.01,1
3249,3,5,1,7.5,0.01,1,7.5,0.01,1
3249,3,5,1,7.5,0.01,1,7.5,0.01,1
3249,3,5,1,7.51,0.01,1,7.51,0.01,1
3249,3,5,1,7.55,0.01,1,7.55,0.01,1
3249,3,5,1,8.01,0.01,1,8.01,0.01,1
3249,3,5,1,8.05,0.01,1,8.05,0.01,1
3249,3,5,1,8.05,0.01,1,8.05,0.01,1
3249,3,5,1,8.26,0.01,1,8.26,0.01,1
3249,3,5,1,8.49,0.01,1,8.49,0.01,1
3249,3,5,1,8.5,0.01,1,8.5,0.01,1
3249,3,5,1,8.5,0.01,1,8.5,0.01,1
3249,3,5,1,9.39,0.01,1,9.39,0.01,1
3249,3,5,1,9.5,0.01,1,9.5,0.01,1
3249,3,5,1,9.99,0.01,1,9.99,0.01,1
3249,3,5,1,10,0.01,1,10,0.01,1
3249,3,5,1,10,0.01,1,10,0.01,1
3249,3,5,1,10.5,0.01,1,10.5,0.01,2
3249,3,5,1,10.5,0.01,1,10.5,0.01,2
3249,3,5,1,10.5,0.01,1,10.5,0.01,2
3249,3,5,1,11.55,0.01,1,11.55,0.01,2
3249,3,5,1,11.71,0.01,1,11.71,0.01,2
3249,3,5,1,15.5,0.01,1,15.5,0.01,2
3249,3,5,1,18,0.01,1,18,0.01,2
3249,3,5,1,18.5,0.01,1,18.5,0.01,2
3249,7,5,5,27,0.01,1,27,0.01,3
1029,5,7,5,1.07,1.07,0,1.43,1.43,1
1029,5,7,5,1.07,1.07,0,1.43,1.43,1
1029,5,7,5,1.25,1.25,0,1.68,1.68,1
1029,5,7,5,1.25,1.25,0,1.68,1.68,1
1029,5,7,5,1.25,1.25,0,1.68,1.68,1
1029,5,7,5,1.25,1.25,1,1.68,1.68,1
70,5,7,5,1.86,0.89,1,2.49,1.2,1
1029,5,7,5,1.7,1.25,1,2.28,1.68,1
841,7,5,5,0.99,0.99,0,0.99,0.99,1
841,7,5,5,0.99,0.99,0,0.99,0.99,1
841,7,5,5,0.99,0.99,0,0.99,0.99,1
841,7,5,5,0.99,0.99,0,0.99,0.99,1
841,7,5,5,0.99,0.99,1,0.99,0.99,1
149,5,7,5,1.77,1.77,0,2.37,2.37,1
215,5,7,5,1.77,1.77,0,2.37,2.37,1
2991,5,7,5,1.77,1.77,0,2.37,2.37,1
1301,7,5,5,1.23,1.23,0,1.4,1.4,1
104,5,7,5,1.23,1.23,0,1.4,1.4,1
858,5,7,5,1.23,1.23,0,1.4,1.4,1
1515,5,7,5,1.23,1.23,0,1.4,1.4,1
2162,5,7,5,1.23,1.23,0,1.4,1.4,1
2162,5,7,5,1.23,1.23,1,1.4,1.4,1
1075,2,10,5,1.23,1.23,0,1.4,1.4,1
1645,2,10,5,1.23,1.23,0,1.4,1.4,1
1645,2,10,5,1.23,1.23,0,1.4,1.4,1
2404,2,10,5,1.23,1.23,0,1.4,1.4,1
2638,2,10,5,1.23,1.23,0,1.4,1.4,1
2638,2,10,5,1.23,1.23,0,1.4,1.4,1
2638,2,10,5,1.23,1.23,0,1.4,1.4,1
2638,2,10,5,1.23,1.23,0,1.4,1.4,1
3057,2,10,5,1.23,1.23,0,1.4,1.4,1
5701,2,10,5,1.23,1.23,0,1.4,1.4,1
5701,2,10,5,1.23,1.23,0,1.4,1.4,1
5701,2,10,5,1.23,1.23,0,1.4,1.4,1
5701,2,10,5,1.23,1.23,0,1.4,1.4,1
5701,2,10,5,1.23,1.23,0,1.4,1.4,1
5701,2,10,5,1.23,1.23,1,1.4,1.4,1
2991,5,7,5,6.6,0.54,1,8.84,0.72,1
1029,5,7,5,3.03,1.43,1,4.06,1.91,1
5701,2,10,5,1.84,1.23,1,2.1,1.4,1
2991,5,7,5,9.82,0.54,1,13.16,0.72,1
215,5,7,5,3.03,1.76,1,4.06,2.36,1
2638,2,10,5,2.46,1.23,1,2.8,1.4,1
1148,2,3,5,3.93,1.77,1,5.27,2.37,1
1148,2,3,5,3.93,1.77,1,5.27,2.37,1
118,5,7,5,3.93,1.77,1,5.27,2.37,1
104,5,7,5,1.83,1.83,0,2.09,2.09,1
1301,7,5,5,3.07,1.23,1,3.5,1.4,1
104,5,7,5,3.07,1.23,1,3.5,1.4,1
765,5,7,5,3.07,1.23,1,3.5,1.4,1
429,2,3,5,3.02,2.66,1,4.05,3.57,1
841,7,5,5,2.78,0.99,1,2.78,0.99,1
5701,2,10,5,3.7,1.23,1,4.22,1.4,1
3057,2,10,5,3.75,1.23,1,4.28,1.4,1
841,7,5,5,3.2,0.99,1,3.2,0.99,1
293,2,10,5,6.62,1.77,1,8.87,2.37,1
1148,2,3,5,6.66,1.77,1,8.92,2.37,1
841,7,5,5,4,0.99,1,4,0.99,1
681,2,3,5,2.45,2.45,0,2.79,2.79,1
104,5,7,5,2.45,2.45,0,2.79,2.79,1
205,5,7,5,2.45,2.45,0,2.79,2.79,1
205,5,7,5,2.45,2.45,0,2.79,2.79,1
205,5,7,5,2.45,2.45,0,2.79,2.79,1
205,5,7,5,2.45,2.45,0,2.79,2.79,1
5701,2,10,5,2.45,2.45,0,2.79,2.79,1
5701,2,10,5,2.45,2.45,0,2.79,2.79,1
3277,2,3,5,2,2,1,2,2,1
1301,7,5,5,4.92,1.23,1,5.61,1.4,1
130,5,7,5,2.46,2.46,0,2.8,2.8,1
841,7,5,5,4.25,0.99,1,4.25,0.99,1
841,7,5,5,4.25,0.99,1,4.25,0.99,1
1301,5,7,5,5.6,1.23,1,6.38,1.4,1
1301,5,7,5,5.66,1.23,1,6.45,1.4,1
17,5,7,5,8.39,1.77,1,11.24,2.37,1
1842,2,10,5,8.39,1.77,1,11.24,2.37,1
205,5,7,5,3.07,2.44,1,3.5,2.79,1
841,7,5,5,5.5,0.99,1,5.5,0.99,1
841,7,5,5,5.5,0.99,1,5.5,0.99,1
841,7,5,5,5.5,0.99,1,5.5,0.99,1
17,5,7,5,9.82,1.77,1,13.16,2.37,1
3277,2,3,5,2.8,2,1,2.8,2,1
841,7,5,5,6.01,0.99,1,6.01,0.99,1
105,5,7,5,4.44,4.44,0,5.95,5.95,1
105,5,7,5,4.44,4.44,0,5.95,5.95,1
118,5,7,5,11.6,1.77,1,15.54,2.37,2
548,2,10,5,7.98,1.23,1,9.1,1.4,1
105,5,7,5,4.8,4.44,1,6.43,5.95,1
205,5,7,5,4.3,2.44,1,4.9,2.79,1
205,5,7,5,4.37,2.45,1,4.98,2.79,1
17,5,7,5,12.94,1.77,1,17.34,2.37,2
105,5,7,5,5.16,4.45,1,6.91,5.96,1
841,7,5,5,8,0.99,1,8,0.99,1
118,5,7,5,14.28,1.77,1,19.14,2.37,2
105,5,7,5,5.71,4.44,1,7.65,5.95,1
197,5,7,5,5.35,5.35,0,7.17,7.17,1
1842,2,10,5,5.35,5.35,0,7.17,7.17,1
1842,2,10,5,5.35,5.35,0,7.17,7.17,1
5701,2,10,5,11.07,1.23,1,12.62,1.4,2
2991,5,7,5,55.33,0.54,1,74.14,0.72,6
471,7,5,5,9.5,0.99,1,9.5,0.99,1
841,7,5,5,9.5,0.99,1,9.5,0.99,1
1148,2,3,5,17.85,1.77,1,23.92,2.37,2
841,7,5,5,10,0.99,1,10,0.99,1
1148,2,3,5,18.74,1.77,1,25.11,2.37,2
841,7,5,5,10.5,0.99,1,10.5,0.99,2
17,5,7,5,18.74,1.77,1,25.11,2.37,2
193,7,5,5,10.52,0.99,1,10.52,0.99,2
841,7,5,5,10.55,0.99,1,10.55,0.99,2
1853,5,7,5,4.3,3.69,1,4.9,4.2,1
1853,5,7,5,4.3,3.69,1,4.9,4.2,1
1148,2,3,5,20.52,1.77,1,27.5,2.37,3
105,5,7,5,8.39,4.44,1,11.24,5.96,1
197,5,7,5,7.5,5.36,1,10.05,7.18,1
17,5,7,5,23.22,1.77,1,31.11,2.37,3
1301,5,7,5,17.01,1.23,1,19.39,1.4,2
105,5,7,5,10.08,4.44,1,13.51,5.95,2
915,7,5,5,17.86,1.23,1,20.36,1.4,2
9003,5,7,5,3.99,3.99,0,3.99,3.99,1
9003,5,7,5,3.99,3.99,0,3.99,3.99,1
9003,5,7,5,3.99,3.99,0,3.99,3.99,1
105,5,7,5,11.6,4.44,1,15.54,5.95,2
657,2,10,5,21.55,1.23,1,24.57,1.4,3
351,2,10,5,5.53,4.9,1,6.3,5.59,1
1634,2,10,5,5.53,4.9,1,6.3,5.59,1
657,2,10,5,22.14,1.23,1,25.24,1.4,3
123,5,7,5,6.5,3,1,6.5,3,1
657,2,10,5,6.16,4.92,1,7.02,5.61,1
205,5,7,5,12.91,2.45,1,14.72,2.79,2
6621,2,10,5,6.76,4.9,1,7.71,5.59,1
9003,5,7,5,5.51,3.99,1,5.51,3.99,1
50,2,3,5,4.99,4.99,0,4.99,4.99,1
309,5,7,5,8.91,8.91,0,11.94,11.94,1
632,5,7,5,8.91,8.91,0,11.94,11.94,1
632,5,7,5,8.91,8.91,0,11.94,11.94,1
632,5,7,5,8.91,8.91,0,11.94,11.94,1
3227,5,7,5,4.99,4.99,0,4.99,4.99,1
3227,5,7,5,4.99,4.99,0,4.99,4.99,1
9003,5,7,5,4.99,4.99,0,4.99,4.99,1
9003,5,7,5,4.99,4.99,0,4.99,4.99,1
9003,5,7,5,4.99,4.99,0,4.99,4.99,1
9003,5,7,5,4.99,4.99,0,4.99,4.99,1
351,2,10,5,6.14,6.14,0,7,7,1
365,2,10,5,8.91,8.91,0,11.94,11.94,1
1634,2,10,5,6.14,6.14,0,7,7,1
1634,2,10,5,6.14,6.14,0,7,7,1
673,5,7,5,5,5,0,5,5,1
1853,5,7,5,6.15,6.15,0,7.01,7.01,1
5202,5,7,5,5,5,0,5,5,1
1853,2,10,5,6.15,6.15,0,7.01,7.01,1
9003,5,7,5,5.24,4.99,1,5.24,4.99,1
286,7,5,5,33.82,1.23,1,38.55,1.4,4
197,5,7,5,17.85,5.36,1,23.92,7.18,2
200,5,7,5,10.71,8.93,1,14.35,11.96,2
197,5,7,5,11.6,8.91,1,15.54,11.93,2
632,5,7,5,11.96,8.91,1,16.03,11.94,2
265,4,1,5,10.69,10.69,0,14.32,14.32,2
1215,7,5,5,5.99,5.99,0,5.99,5.99,1
3955,7,5,5,5.99,5.99,0,5.99,5.99,1
3227,5,7,5,5.99,5.99,0,5.99,5.99,1
14479,5,7,5,5.99,5.99,0,5.99,5.99,1
1634,2,10,5,7.37,7.37,0,8.4,8.4,1
657,2,10,5,7.38,7.38,0,8.41,8.41,1
439,2,3,5,6.47,6.47,0,6.47,6.47,1
686,5,7,5,6.5,6.5,0,6.5,6.5,1
686,5,7,5,6.5,6.5,0,6.5,6.5,1
686,5,7,5,6.5,6.5,0,6.5,6.5,1
686,5,7,5,6.5,6.5,0,6.5,6.5,1
686,5,7,5,6.5,6.5,0,6.5,6.5,1
686,5,7,5,6.5,6.5,0,6.5,6.5,1
686,5,7,5,6.5,6.5,0,6.5,6.5,1
686,5,7,5,6.5,6.5,0,6.5,6.5,1
686,5,7,5,6.5,6.5,0,6.5,6.5,1
686,5,7,5,6.5,6.5,0,6.5,6.5,1
686,5,7,5,6.5,6.5,0,6.5,6.5,1
686,5,7,5,6.5,6.5,0,6.5,6.5,1
686,5,7,5,6.5,6.5,0,6.5,6.5,1
686,5,7,5,6.5,6.5,0,6.5,6.5,1
686,5,7,5,6.5,6.5,0,6.5,6.5,1
686,5,7,5,6.5,6.5,0,6.5,6.5,1
686,5,7,5,6.5,6.5,0,6.5,6.5,1
686,5,7,5,6.5,6.5,0,6.5,6.5,1
686,5,7,5,6.5,6.5,0,6.5,6.5,1
686,5,7,5,6.5,6.5,0,6.5,6.5,1
686,5,7,5,6.5,6.5,0,6.5,6.5,1
686,5,7,5,6.5,6.5,0,6.5,6.5,1
686,5,7,5,6.5,6.5,0,6.5,6.5,1
686,5,7,5,6.5,6.5,0,6.5,6.5,1
686,5,7,5,6.5,6.5,0,6.5,6.5,1
686,5,7,5,6.5,6.5,0,6.5,6.5,1
686,5,7,5,6.5,6.5,0,6.5,6.5,1
686,5,7,5,7,6.5,1,7,6.5,1
50,2,3,5,6.99,6.99,0,6.99,6.99,1
2993,5,7,5,6.99,6.99,0,6.99,6.99,1
3227,5,7,5,6.99,6.99,0,6.99,6.99,1
205,5,7,5,8.61,8.61,0,9.82,9.82,1
613,2,10,5,8.61,8.61,0,9.82,9.82,1
50,2,3,5,7.99,7.99,0,7.99,7.99,1
50,2,3,5,7.99,7.99,0,7.99,7.99,1
50,2,3,5,7.99,7.99,1,7.99,7.99,1
1215,7,5,5,7.99,7.99,0,7.99,7.99,1
1215,7,5,5,7.99,7.99,0,7.99,7.99,1
1215,7,5,5,7.99,7.99,0,7.99,7.99,1
205,5,7,5,9.84,9.84,0,11.22,11.22,1
686,5,7,5,9.99,6.5,1,9.99,6.5,1
632,5,7,5,24.99,8.91,1,33.49,11.94,3
686,5,7,5,11.67,6.5,1,11.67,6.5,2
9003,5,7,5,10.55,7.49,1,10.55,7.49,2
133,7,5,5,8.99,8.99,0,8.99,8.99,1
133,7,5,5,8.99,8.99,0,8.99,8.99,1
37727,5,7,5,8.99,8.99,0,8.99,8.99,1
686,5,7,5,13,6.5,1,13,6.5,2
686,5,7,5,9.5,9.5,0,9.5,9.5,1
686,5,7,5,9.5,9.5,0,9.5,9.5,1
686,5,7,5,9.5,9.5,0,9.5,9.5,1
686,5,7,5,9.5,9.5,0,9.5,9.5,1
686,5,7,5,9.5,9.5,1,9.5,9.5,1
2286,5,7,5,9.95,9.95,0,9.95,9.95,1
2286,5,7,5,9.95,9.95,0,9.95,9.95,1
2286,5,7,5,9.95,9.95,0,9.95,9.95,1
5017,2,3,5,9.99,9.99,1,9.99,9.99,1
133,7,5,5,9.99,9.99,0,9.99,9.99,1
2993,5,7,5,9.99,9.99,0,9.99,9.99,1
37727,5,7,5,9.99,9.99,0,9.99,9.99,1
1853,5,7,5,12.3,12.3,0,14.02,14.02,2
1647,7,5,5,10.45,9.95,1,10.45,9.95,2
5017,2,3,5,10.49,9.99,1,10.49,9.99,2
3227,5,7,5,12.26,9.99,1,12.26,9.99,2
1647,7,5,5,13.95,9.95,1,13.95,9.95,2
686,5,7,5,22.67,6.5,1,22.67,6.5,3
5812,7,5,5,12.92,12.92,0,12.92,12.92,2
686,5,7,5,27.17,6.5,1,27.17,6.5,3
1647,7,5,5,18.25,9.95,1,18.25,9.95,2
123,5,7,5,37,5,1,37,5,4
1647,7,5,5,18.86,9.95,1,18.86,9.95,2
9003,5,7,5,26,7.49,1,26,7.49,3
1647,7,5,5,19.59,9.95,1,19.59,9.95,2
1647,7,5,5,20.5,9.95,1,20.5,9.95,3
133,7,5,5,22.76,8.99,1,22.76,8.99,3
1215,7,5,5,26,7.99,1,26,7.99,3
5811,2,3,5,14.92,14.92,0,14.92,14.92,2
1215,7,5,5,14.99,14.99,0,14.99,14.99,2
2993,5,7,5,14.99,14.99,0,14.99,14.99,2
3306,5,7,5,14.99,14.99,0,14.99,14.99,2
5052,2,10,5,30.85,11.07,1,35.17,12.62,4
5812,7,5,5,15.92,15.92,0,15.92,15.92,2
2993,5,7,5,26,9.99,1,26,9.99,3
28,5,7,5,26,10,1,26,10,3
2993,5,7,5,17.51,14.99,1,17.51,14.99,2
3277,2,3,5,33.56,9,1,33.56,9,4
2993,5,7,5,21.49,14.99,1,21.49,14.99,3
1647,7,5,5,32.51,9.95,1,32.51,9.95,4
1647,7,5,5,36,9.95,1,36,9.95,4
2993,5,7,5,19.99,19.99,0,19.99,19.99,2
2993,5,7,5,27.17,14.99,1,27.17,14.99,3
133,7,5,5,45.44,8.99,1,45.44,8.99,5
277,5,7,5,76.74,17.85,1,102.83,23.91,8
205,5,7,5,33.82,24.6,1,38.55,28.04,4
3004,5,7,5,24.99,24.99,0,24.99,24.99,3
7,2,3,5,36.89,36.89,0,42.05,42.05,4
277,5,7,5,182.04,17.85,1,243.93,23.92,19
3004,5,7,5,34.99,34.99,0,34.99,34.99,4
3004,5,7,5,34.99,34.99,0,34.99,34.99,4
3004,5,7,5,34.99,34.99,0,34.99,34.99,4
3004,5,7,5,34.99,34.99,0,34.99,34.99,4
3004,5,7,5,36.99,34.99,1,36.99,34.99,4
3004,5,7,5,40,34.99,1,40,34.99,4
3004,5,7,5,44.01,34.99,1,44.01,34.99,5
3004,5,7,5,51,34.99,1,51,34.99,6
3004,5,7,5,44.99,44.99,0,44.99,44.99,5
3004,5,7,5,49.99,49.99,0,49.99,49.99,5
3004,5,7,5,63,39.99,1,63,39.99,7
3004,5,7,5,63,59.99,1,63,59.99,7
3004,5,7,5,66,59.99,1,66,59.99,7
71,5,7,5,17.85,3.55,1,23.92,4.76,2
1004,2,3,5,26.78,0.99,1,26.78,0.99,3
12,5,7,5,18.5,5,1,18.5,5,2
121,2,3,5,197.5,0.5,1,197.5,0.5,20
182,2,10,5,13.71,12.28,1,15.63,14,2
6,2,3,5,205.37,1.23,1,234.12,1.4,21
801,2,3,5,26.99,14.99,1,26.99,14.99,3
572,5,7,5,29.95,29.95,0,29.95,29.95,3
572,7,5,5,30,30,0,30,30,3
475,5,7,5,71,25,1,71,25,8
320,2,3,5,560,9.99,1,560,9.99,56
14,7,5,5,971,9.99,1,971,9.99,98
33,5,7,5,167.5,90,1,167.5,90,17
5292,5,7,5,1.78,1.78,0,2.39,2.39,1
5292,5,7,5,1.78,1.78,0,2.39,2.39,1
107,2,10,5,7.5,1.77,1,10.05,2.37,1
3613,5,7,5,3.99,3.99,1,3.99,3.99,1
5721,2,3,5,4.15,4.15,0,4.15,4.15,1
1809,5,7,5,4.99,4.99,0,4.99,4.99,1
380,5,7,5,6.5,4.5,1,6.5,4.5,1
2944,5,7,5,7.5,7.5,0,7.5,7.5,1
541,5,7,5,9.99,9.99,0,9.99,9.99,1
36,5,7,5,339.09,1.77,1,454.38,2.37,34
1602,5,7,5,20.5,9.99,1,20.5,9.99,3
993,5,7,5,79.99,79.99,0,79.99,79.99,8
993,5,7,5,80.99,79.99,1,80.99,79.99,9
993,5,7,5,80.99,79.99,1,80.99,79.99,9
993,5,7,5,99.99,99.99,0,99.99,99.99,10
993,5,7,5,99.99,99.99,0,99.99,99.99,10
993,5,7,5,99.99,99.99,0,99.99,99.99,10
993,5,7,5,99.99,99.99,0,99.99,99.99,10
993,5,7,5,99.99,99.99,0,99.99,99.99,10
993,5,7,5,159.99,159.99,0,159.99,159.99,16
34343,4,1,5,0.11,0.01,1,0.11,0.01,1
865,2,10,5,1.23,1.23,0,1.4,1.4,1
2378,2,3,5,390,0.01,1,390,0.01,39
4366,2,10,5,2.45,2.45,0,2.79,2.79,1
118,5,7,5,11.96,1.77,1,16.03,2.37,2
79,5,7,5,15.15,1.77,1,20.3,2.37,2
2378,4,1,5,860,0.01,1,860,0.01,86
9003,5,7,5,2.99,2.99,0,2.99,2.99,1
9003,5,7,5,2.99,2.99,0,2.99,2.99,1
5701,2,10,5,8.76,2.45,1,9.99,2.79,1
1265,5,7,5,4,4,0,4,4,1
27132,7,5,5,17.01,0.99,1,17.01,0.99,2
1266,5,7,5,4.25,4,1,4.25,4,1
27132,7,5,5,19.02,0.99,1,19.02,0.99,2
5701,2,10,5,25.38,1.23,1,28.93,1.4,3
478,5,7,5,12.97,2.45,1,14.79,2.79,2
5350,5,7,5,6.97,4.9,1,7.95,5.59,1
1266,5,7,5,4.89,4.89,0,4.89,4.89,1
237,2,3,5,4.99,4.99,0,4.99,4.99,1
149,7,5,5,6.15,6.15,0,7.01,7.01,1
1266,5,7,5,5.14,4.89,1,5.14,4.89,1
27132,7,5,5,25.65,0.99,1,25.65,0.99,3
1265,5,7,5,5.5,4.85,1,5.5,4.85,1
27132,7,5,5,28.03,0.99,1,28.03,0.99,3
27132,7,5,5,30.99,0.99,1,30.99,0.99,4
27132,7,5,5,31,0.99,1,31,0.99,4
31,5,7,5,34,0.99,1,34,0.99,4
27132,7,5,5,34.12,0.99,1,34.12,0.99,4
955,5,7,5,66.03,1.78,1,88.48,2.39,7
5701,2,10,5,15.97,3.68,0,18.21,4.19,2
109,7,5,5,49.8,1.23,1,56.77,1.4,5
27132,7,5,5,41.57,0.99,1,41.57,0.99,5
109,7,5,5,51.03,1.23,1,58.17,1.4,6
27132,7,5,5,42.12,0.99,1,42.12,0.99,5
216,5,7,5,7.5,6,1,7.5,6,1
1266,5,7,5,6.79,6.79,0,6.79,6.79,1
18,7,5,5,12.91,5.53,1,14.72,6.31,2
27132,7,5,5,48.37,0.99,1,48.37,0.99,5
34,5,7,5,173.12,0.89,1,231.98,1.2,18
27132,7,5,5,51,0.99,1,51,0.99,6
1905,2,10,5,14.13,6.15,1,16.11,7.01,2
27132,7,5,5,63.36,0.99,1,63.36,0.99,7
27132,7,5,5,64.33,0.99,1,64.33,0.99,7
216,5,7,5,8,8,0,8,8,1
5701,2,10,5,39.35,2.46,0,44.86,2.8,4
27132,7,5,5,66.65,0.99,1,66.65,0.99,7
109,5,7,5,81.16,1.23,1,92.52,1.4,9
106,2,3,5,67.66,1,1,67.66,1,7
27132,7,5,5,71,0.99,1,71,0.99,8
27132,7,5,5,78,0.99,1,78,0.99,8
5701,2,10,5,11.07,11.07,0,12.62,12.62,2
5701,2,10,5,11.07,11.07,0,12.62,12.62,2
5701,2,10,5,11.07,11.07,0,12.62,12.62,2
5701,2,10,5,11.07,11.07,0,12.62,12.62,2
5701,2,10,5,11.07,11.07,0,12.62,12.62,2
5701,2,10,5,11.07,11.07,0,12.62,12.62,2
5701,2,10,5,11.68,11.07,1,13.32,12.61,2
27132,7,5,5,87.73,0.99,1,87.73,0.99,9
5701,2,10,5,12.3,11.07,1,14.02,12.62,2
5701,2,10,5,12.31,11.07,1,14.03,12.62,2
5180,5,7,5,9.95,9.95,0,9.95,9.95,1
30594,2,3,5,9.99,9.99,0,9.99,9.99,1
216,5,7,5,9.99,9.99,0,9.99,9.99,1
27132,7,5,5,105.5,0.99,1,105.5,0.99,11
5450,5,7,5,10.49,9.99,1,10.49,9.99,2
5450,5,7,5,10.49,9.99,1,10.49,9.99,2
27132,7,5,5,109,0.99,1,109,0.99,11
27132,7,5,5,111.95,0.99,1,111.95,0.99,12
27132,7,5,5,113.86,0.99,1,113.86,0.99,12
27132,7,5,5,117.5,0.99,1,117.5,0.99,12
27132,7,5,5,121,0.99,1,121,0.99,13
27132,7,5,5,122.51,0.99,1,122.51,0.99,13
27132,7,5,5,122.85,0.99,1,122.85,0.99,13
27132,7,5,5,123.5,0.99,1,123.5,0.99,13
27132,7,5,5,127.5,0.99,1,127.5,0.99,13
27132,7,5,5,128.86,0.99,1,128.86,0.99,13
27132,7,5,5,136.49,0.99,1,136.49,0.99,14
27132,7,5,5,137.5,0.99,1,137.5,0.99,14
27132,7,5,5,142.53,0.99,1,142.53,0.99,15
27132,7,5,5,142.75,0.99,1,142.75,0.99,15
5701,2,10,5,19.64,11.07,1,22.39,12.62,2
27132,7,5,5,147.5,0.99,1,147.5,0.99,15
27132,7,5,5,151.5,0.99,1,151.5,0.99,16
27132,7,5,5,152.5,0.99,1,152.5,0.99,16
27132,7,5,5,155.99,0.99,1,155.99,0.99,16
5701,2,10,5,23.37,11.07,0,26.64,12.62,3
5701,2,10,5,23.37,11.07,0,26.64,12.62,3
5701,2,10,5,23.37,11.07,0,26.64,12.62,3
5701,2,10,5,23.98,11.07,1,27.34,12.62,3
5271,7,5,5,13.95,13.95,0,13.95,13.95,2
1265,7,5,5,13.99,13.99,0,13.99,13.99,2
27132,7,5,5,202.36,0.99,1,202.36,0.99,21
5701,2,10,5,25.22,12.28,1,28.75,14,3
27132,7,5,5,207.86,0.99,1,207.86,0.99,21
27132,7,5,5,215.5,0.99,1,215.5,0.99,22
27132,7,5,5,216,0.99,1,216,0.99,22
302,5,7,5,77.55,2.85,1,77.55,2.85,8
27132,7,5,5,227.5,0.99,1,227.5,0.99,23
5701,2,3,5,35.66,11.07,0,40.65,12.62,4
5701,2,10,5,35.66,11.07,0,40.65,12.62,4
5701,2,10,5,35.66,11.07,0,40.65,12.62,4
27132,7,5,5,270,0.99,1,270,0.99,27
27132,7,5,5,270.12,0.99,1,270.12,0.99,28
134,4,1,5,280,0.99,1,280,0.99,28
27132,7,5,5,295,0.99,1,295,0.99,30
27132,7,5,5,305,0.99,1,305,0.99,31
1266,7,5,5,18.25,18.25,0,18.25,18.25,2
22,5,7,5,62.46,17.83,1,83.7,23.89,7
542,5,7,5,27.95,14.99,1,27.95,14.99,3
5271,5,7,5,20.95,20.95,0,20.95,20.95,3
3162,7,5,5,466,1,1,466,1,47
4283,7,5,5,23.5,19.99,1,23.5,19.99,3
1405,5,7,5,72.56,11.07,0,82.72,12.62,8
1405,5,7,5,72.56,11.07,0,82.72,12.62,8
62,7,5,5,66,9.99,1,66,9.99,7
17,5,7,5,79,9.99,1,79,9.99,8
5271,5,7,5,31.95,31.95,0,31.95,31.95,4
62,7,5,5,127.63,9.99,1,127.63,9.99,13
1,5,7,5,65.87,25,1,65.87,25,7
1,5,7,5,52,50,1,52,50,6
1,5,7,5,81,35,1,81,35,9
27132,7,5,5,60,49,1,60,49,6
71,5,7,5,730,50,1,730,50,73
1,5,7,5,417.99,200,1,417.99,200,42
2991,5,7,5,2.14,0.53,1,2.87,0.72,1
2991,5,7,5,2.16,0.54,1,2.89,0.72,1
2991,5,7,5,3.93,0.54,1,5.27,0.72,1
2991,5,7,5,5.18,0.54,1,6.94,0.72,1
3277,2,3,5,0.99,0.99,0,0.99,0.99,1
3277,2,3,5,0.99,0.99,0,0.99,0.99,1
3277,2,3,5,0.99,0.99,0,0.99,0.99,1
2991,5,7,5,1.77,1.77,0,2.37,2.37,1
2991,5,7,5,1.77,1.77,0,2.37,2.37,1
3385,5,7,5,0.99,0.99,0,0.99,0.99,1
2991,5,7,5,1.86,1.77,1,2.49,2.37,1
1124,5,7,5,1.25,1,1,1.25,1,1
2991,5,7,5,8.39,0.54,1,11.24,0.72,1
3277,2,3,5,1.5,0.99,1,1.5,0.99,1
2991,5,7,5,11.6,0.54,1,15.54,0.72,2
300,2,10,5,1.84,1.84,0,2.1,2.1,1
300,2,10,5,1.84,1.84,0,2.1,2.1,1
300,2,10,5,1.84,1.84,0,2.1,2.1,1
104,2,10,5,4.43,1.23,1,5.05,1.4,1
2731,5,7,5,3.55,3.55,0,4.76,4.76,1
3385,5,7,5,1.99,1.99,0,1.99,1.99,1
3385,5,7,5,1.99,1.99,0,1.99,1.99,1
3385,5,7,5,1.99,1.99,0,1.99,1.99,1
3385,5,7,5,1.99,1.99,0,1.99,1.99,1
3385,5,7,5,1.99,1.99,0,1.99,1.99,1
3385,5,7,5,1.99,1.99,0,1.99,1.99,1
3385,5,7,5,1.99,1.99,0,1.99,1.99,1
3385,5,7,5,1.99,1.99,0,1.99,1.99,1
9003,5,7,5,1.99,1.99,0,1.99,1.99,1
300,2,10,5,2.45,2.45,0,2.79,2.79,1
5827,2,10,5,2.45,2.45,0,2.79,2.79,1
5827,2,10,5,2.45,2.45,0,2.79,2.79,1
5827,2,10,5,2.45,2.45,0,2.79,2.79,1
3385,5,7,5,2.24,1.99,1,2.24,1.99,1
3385,5,7,5,2.24,1.99,1,2.24,1.99,1
2507,5,7,5,3.06,2.45,1,3.49,2.79,1
1768,5,7,5,9.82,1.77,1,13.16,2.37,1
3385,5,7,5,2.75,1.99,1,2.75,1.99,1
3385,5,7,5,2.8,1.99,1,2.8,1.99,1
3277,2,3,5,6.27,0.99,1,6.27,0.99,1
3277,2,3,5,7,0.99,1,7,0.99,1
35,4,1,5,710,0.01,1,710,0.01,71
3385,5,7,5,2.75,2.75,0,2.75,2.75,1
3385,5,7,5,2.75,2.75,0,2.75,2.75,1
3385,5,7,5,2.75,2.75,0,2.75,2.75,1
3385,5,7,5,2.75,2.75,0,2.75,2.75,1
3385,5,7,5,2.75,2.75,0,2.75,2.75,1
3385,5,7,5,2.75,2.75,0,2.75,2.75,1
3385,5,7,5,2.75,2.75,0,2.75,2.75,1
3385,5,7,5,2.75,2.75,0,2.75,2.75,1
3385,5,7,5,2.75,2.75,0,2.75,2.75,1
3385,5,7,5,2.75,2.75,0,2.75,2.75,1
3385,5,7,5,2.75,2.75,0,2.75,2.75,1
3385,5,7,5,2.75,2.75,0,2.75,2.75,1
3385,5,7,5,2.75,2.75,0,2.75,2.75,1
3385,5,7,5,2.75,2.75,0,2.75,2.75,1
3385,5,7,5,2.75,2.75,0,2.75,2.75,1
3385,5,7,5,2.75,2.75,0,2.75,2.75,1
293,2,10,5,5.71,4.46,1,7.65,5.98,1
638,2,10,5,9.86,1.23,1,11.24,1.4,1
842,2,10,5,11.01,1.23,1,12.55,1.4,2
3277,2,3,5,3,3,0,3,3,1
3277,2,3,5,3,3,0,3,3,1
508,5,7,5,11.07,1.23,1,12.62,1.4,2
3090,2,10,5,5.58,2.45,1,6.36,2.79,1
5827,2,10,5,5.72,2.45,1,6.52,2.79,1
508,5,7,5,12.3,1.23,1,14.02,1.4,2
508,5,7,5,12.91,1.23,1,14.72,1.4,2
3385,5,7,5,4,2.75,1,4,2.75,1
3090,2,10,5,7.38,2.45,1,8.41,2.79,1
269,2,10,5,14.72,1.23,1,16.78,1.4,2
3090,2,10,5,8.01,2.45,1,9.13,2.79,1
3385,5,7,5,3.75,3.75,0,3.75,3.75,1
3385,5,7,5,3.75,3.75,0,3.75,3.75,1
3385,5,7,5,3.75,3.75,0,3.75,3.75,1
9003,7,5,5,3.89,3.89,0,3.89,3.89,1
3385,5,7,5,5.51,2.75,1,5.51,2.75,1
3385,5,7,5,5.69,2.75,1,5.69,2.75,1
3385,5,7,5,3.99,3.99,0,3.99,3.99,1
3385,5,7,5,3.99,3.99,0,3.99,3.99,1
3385,5,7,5,3.99,3.99,1,3.99,3.99,1
3277,2,3,5,4,4,0,4,4,1
508,5,7,5,19.8,1.23,1,22.57,1.4,2
889,2,3,5,20.14,1.23,1,22.96,1.4,3
3385,5,7,5,5.02,3.75,1,5.02,3.75,1
3277,2,3,5,5.6,3.5,1,5.6,3.5,1
996,5,7,5,12.91,2.45,1,14.72,2.79,2
3385,5,7,5,5.76,3.75,1,5.76,3.75,1
322,7,5,5,5.5,4,1,5.5,4,1
3385,5,7,5,8.53,2.75,1,8.53,2.75,1
3277,2,3,5,8.01,3,1,8.01,3,1
3385,5,7,5,4.95,4.95,0,4.95,4.95,1
3385,5,7,5,4.95,4.95,0,4.95,4.95,1
3385,5,7,5,4.95,4.95,0,4.95,4.95,1
3385,5,7,5,4.95,4.95,0,4.95,4.95,1
3385,5,7,5,4.95,4.95,0,4.95,4.95,1
8100,4,1,5,4.99,4.99,0,4.99,4.99,1
1375,5,7,5,4.99,4.99,0,4.99,4.99,1
3385,5,7,5,4.99,4.99,0,4.99,4.99,1
3385,5,7,5,4.99,4.99,0,4.99,4.99,1
3277,2,3,5,5,5,0,5,5,1
3277,2,3,5,5,5,0,5,5,1
183,7,5,5,6.15,6.15,0,7.01,7.01,1
183,2,10,5,6.15,6.15,0,7.01,7.01,1
765,2,10,5,6.15,6.15,0,7.01,7.01,1
765,2,10,5,6.15,6.15,0,7.01,7.01,1
2403,7,5,5,31.69,1.23,1,36.13,1.4,4
996,5,7,5,15.99,2.45,1,18.23,2.79,2
2403,7,5,5,32.59,1.23,1,37.15,1.4,4
8100,4,1,5,6,4.99,1,6,4.99,1
3277,2,3,5,10.05,3,1,10.05,3,2
3385,5,7,5,6.05,4.99,1,6.05,4.99,1
58,5,7,5,6.76,6.76,0,7.71,7.71,1
638,2,10,5,39.97,1.23,1,45.57,1.4,4
3277,2,3,5,8.5,4,1,8.5,4,1
58,2,10,5,8.65,6.15,1,9.86,7.01,1
3385,5,7,5,11.8,2.99,1,11.8,2.99,2
809,2,3,5,5.99,5.99,0,5.99,5.99,1
3385,5,7,5,10.5,3.99,1,10.5,3.99,2
138,7,5,5,42.58,0.99,1,42.58,0.99,5
1197,2,10,5,52.26,1.23,1,59.58,1.4,6
1911,2,10,5,20.03,3.68,1,22.83,4.19,3
1375,7,5,5,6.99,6.99,0,6.99,6.99,1
9003,5,7,5,6.99,6.99,0,6.99,6.99,1
22501,7,5,5,7,7,0,7,7,1
2944,5,7,5,7,7,0,7,7,1
8100,4,1,5,10.5,4.99,1,10.5,4.99,2
22501,7,5,5,10.5,5,1,10.5,5,2
1313,5,7,5,32.72,2.45,1,37.3,2.79,4
1129,2,10,5,56.95,1,1,56.95,1,6
9003,5,7,5,12.5,4.99,1,12.5,4.99,2
1375,5,7,5,7.99,7.99,0,7.99,7.99,1
3385,5,7,5,10.13,6.99,1,10.13,6.99,2
22501,7,5,5,10.5,7,1,10.5,7,2
907,2,10,5,18.45,6.15,0,21.03,7.01,2
3385,5,7,5,8.99,8.99,0,8.99,8.99,1
3385,5,7,5,8.99,8.99,0,8.99,8.99,1
22501,7,5,5,9.5,9.5,0,9.5,9.5,1
22501,7,5,5,9.5,9.5,0,9.5,9.5,1
1375,5,7,5,11.5,7.99,1,11.5,7.99,2
3375,2,10,5,19.68,7.38,0,22.44,8.41,2
1375,5,7,5,9.99,9.99,0,9.99,9.99,1
1375,5,7,5,9.99,9.99,0,9.99,9.99,1
1375,5,7,5,9.99,9.99,1,9.99,9.99,1
3385,5,7,5,9.99,9.99,1,9.99,9.99,1
3385,5,7,5,12.5,8.99,1,12.5,8.99,2
3385,5,7,5,13,8.99,1,13,8.99,2
22501,7,5,5,11,11,0,11,11,2
1375,5,7,5,12.52,9.99,1,12.52,9.99,2
1375,5,7,5,12.84,9.99,1,12.84,9.99,2
22501,7,5,5,13.18,10,1,13.18,10,2
22501,7,5,5,14.38,9.5,1,14.38,9.5,2
392,5,7,5,22.14,9.84,0,25.24,11.22,3
3375,5,7,5,22.14,9.84,0,25.24,11.22,3
1375,5,7,5,15.5,9.99,1,15.5,9.99,2
1375,5,7,5,15.5,9.99,1,15.5,9.99,2
22501,7,5,5,13,12.5,1,13,12.5,2
3090,2,10,5,23.35,11.05,0,26.62,12.6,3
3277,2,3,5,26.01,7,1,26.01,7,3
22501,7,5,5,14.11,13,1,14.11,13,2
60,7,5,5,21.65,9.99,1,21.65,9.99,3
534,5,7,5,14.95,14.95,0,14.95,14.95,2
534,5,7,5,14.95,14.95,0,14.95,14.95,2
534,5,7,5,14.95,14.95,0,14.95,14.95,2
534,5,7,5,14.95,14.95,0,14.95,14.95,2
534,5,7,5,14.99,14.99,0,14.99,14.99,2
22501,7,5,5,15,15,0,15,15,2
25433,5,7,5,15.45,14.95,1,15.45,14.95,2
22501,7,5,5,15.5,15,1,15.5,15,2
22501,7,5,5,16.5,15,1,16.5,15,2
1375,5,7,5,25,9.99,1,25,9.99,3
534,5,7,5,17,14.95,1,17,14.95,2
22501,7,5,5,16,16,0,16,16,2
22501,7,5,5,16,16,0,16,16,2
67,7,5,5,26,9.99,1,26,9.99,3
534,5,7,5,17.5,14.95,1,17.5,14.95,2
534,5,7,5,17.5,14.95,1,17.5,14.95,2
22501,7,5,5,16.5,16,1,16.5,16,2
534,5,7,5,19.45,14.95,1,19.45,14.95,2
2262,5,7,5,61.59,4.95,1,61.59,4.95,7
22501,7,5,5,20.5,16,1,20.5,16,3
22501,7,5,5,20.51,16,1,20.51,16,3
634,4,1,5,18.49,18.49,0,18.49,18.49,2
25433,5,7,5,18.5,18.5,0,18.5,18.5,2
25433,5,7,5,18.5,18.5,0,18.5,18.5,2
1848,5,7,5,36,9.99,1,36,9.99,4
534,5,7,5,19.95,19.95,0,19.95,19.95,2
1051,7,5,5,19.99,19.99,0,19.99,19.99,2
22501,7,5,5,20,20,0,20,20,2
22501,7,5,5,20,20,0,20,20,2
22501,7,5,5,20.5,20,1,20.5,20,3
22501,7,5,5,20.5,20,1,20.5,20,3
22501,7,5,5,20.5,20,1,20.5,20,3
756,2,3,5,20.5,20.5,0,20.5,20.5,3
3385,5,7,5,43,9.99,1,43,9.99,5
22501,7,5,5,22.16,20,1,22.16,20,3
534,5,7,5,23.86,19.95,1,23.86,19.95,3
22501,7,5,5,26.56,18,1,26.56,18,3
1820,2,10,5,52.01,9.99,1,52.01,9.99,6
1809,5,7,5,26.07,19.99,1,26.07,19.99,3
534,5,7,5,35.75,14.95,1,35.75,14.95,4
58,2,10,5,33.45,24.6,1,38.13,28.04,4
534,5,7,5,28,19.99,1,28,19.99,3
3385,5,7,5,24.95,24.95,0,24.95,24.95,3
5939,2,10,5,25,25,0,25,25,3
534,5,7,5,33,19.99,1,33,19.99,4
88,7,5,5,71,9.99,1,71,9.99,8
534,5,7,5,41,19.95,1,41,19.95,5
534,5,7,5,29.95,29.95,0,29.95,29.95,3
3385,5,7,5,29.95,29.95,0,29.95,29.95,3
3385,5,7,5,29.95,29.95,0,29.95,29.95,3
534,5,7,5,29.99,29.99,0,29.99,29.99,3
2218,2,3,5,30,30,0,30,30,3
534,5,7,5,34.66,29.95,1,34.66,29.95,4
22501,7,5,5,35.99,30,1,35.99,30,4
2304,5,7,5,37,31,1,37,31,4
1405,2,3,5,34.99,34.99,0,34.99,34.99,4
180,5,7,5,51,24.95,1,51,24.95,6
1222,7,5,5,43.78,30,1,43.78,30,5
29,5,7,5,150,9.99,1,150,9.99,15
22501,7,5,5,40,40,1,40,40,4
507,5,7,5,163.72,9.99,1,163.72,9.99,17
534,5,7,5,47.52,34.95,1,47.52,34.95,5
648,7,5,5,48,39,1,48,39,5
534,5,7,5,65.29,29.95,1,65.29,29.95,7
3385,5,7,5,49.95,49.95,0,49.95,49.95,5
3385,5,7,5,49.95,49.95,0,49.95,49.95,5
534,5,7,5,49.99,49.99,0,49.99,49.99,5
1321,2,3,5,152.5,19.99,1,152.5,19.99,16
3385,5,7,5,79.95,79.95,0,79.95,79.95,8
534,5,7,5,103.5,69.99,1,103.5,69.99,11
301,5,7,5,117.5,93.63,1,117.5,93.63,12
534,5,7,5,154.23,79.99,1,154.23,79.99,16
251,4,1,5,145,99.99,1,145,99.99,15
